drifted_feature,important_feature,proxy_feature,subgroup,target,prediction
0.4967141530112327,30.632625570937734,0,Group_A,0,0.36443523390250643
-0.13826430117118466,75.00273115537597,1,Group_B,1,0.6833706291746604
0.6476885381006925,74.80328828914669,0,Group_A,0,0.15818616018033246
1.5230298564080254,67.70328695967676,1,Group_A,1,0.8639449457825816
-0.23415337472333597,72.455360002039,1,Group_B,1,0.7972680938334069
-0.23413695694918055,58.84519990128366,1,Group_A,0,0.19327867900226625
1.5792128155073915,32.66191530162575,0,Group_A,0,0.3227044151717528
0.7674347291529088,41.112639415352746,1,Group_B,1,0.8445355153441104
-0.4694743859349521,26.34379451212831,1,Group_B,1,0.7844934721023398
0.5425600435859647,91.76055052002656,0,Group_A,0,0.30636523296397455
-0.46341769281246226,62.50526152895084,1,Group_A,1,0.7125779713328
-0.46572975357025687,46.07662750872759,0,Group_A,0,0.2616087002029117
0.24196227156603412,51.58052232797194,1,Group_A,1,0.7572477512178487
-1.913280244657798,95.25550056506339,0,Group_A,0,0.35441433733923156
-1.7249178325130328,23.801626280447216,1,Group_A,1,0.8519891940846548
-0.5622875292409727,62.76068488151175,1,Group_A,1,0.849804140804113
-1.0128311203344238,55.52998109960194,1,Group_A,1,0.6033094842787398
0.3142473325952739,65.0308811891183,0,Group_B,0,0.3248636453406665
-0.9080240755212109,11.629916543875646,0,Group_A,0,0.32760291703330147
-1.4123037013352915,88.49115180497364,0,Group_A,0,0.3035136468565426
1.465648768921554,93.89064542352511,0,Group_A,0,0.3268793973674358
-0.22577630048653566,60.861986523028804,0,Group_A,0,0.3525911114490127
0.06752820468792384,72.6985741489203,1,Group_A,1,0.7410957162305357
-1.4247481862134568,93.02494430595661,0,Group_A,0,0.25061506404653416
-0.5443827245251827,73.65147708820587,0,Group_A,0,0.13741421707341717
0.11092258970986608,23.72851386228352,1,Group_A,1,0.7156127649142086
-1.1509935774223028,61.86595241501318,1,Group_A,1,0.7930095539735353
0.37569801834567196,64.60435417445703,1,Group_A,1,0.8341199328441824
-0.600638689918805,48.17176041721474,1,Group_A,1,0.6651627293073632
-0.2916937497932768,76.27998120622506,0,Group_A,0,0.14134686974777064
-0.6017066122293969,94.09303132921134,0,Group_B,0,0.2989126013501477
1.8522781845089378,93.30116616160987,1,Group_A,1,0.6005639650574732
-0.013497224737933921,50.57554342637189,1,Group_A,1,0.653511775292199
-1.0577109289559004,20.19142412566797,0,Group_A,0,0.10872141410318613
0.822544912103189,98.63570790661011,1,Group_A,1,0.6500655353564613
-1.2208436499710222,85.50082778013407,0,Group_B,0,0.15439578397765158
0.2088635950047554,21.219641308294015,0,Group_A,0,0.21630207842511828
-1.9596701238797756,92.87576943556351,0,Group_B,0,0.2206981374059668
-1.3281860488984305,88.29067258559155,0,Group_A,0,0.36227874118307135
0.19686123586912352,56.69542514134649,0,Group_A,0,0.2530329137496476
0.7384665799954104,63.21478921704363,1,Group_A,0,0.31702142968368596
0.1713682811899705,45.910243348311724,1,Group_B,1,0.6312412073760862
-0.11564828238824053,14.928547493982819,0,Group_A,0,0.1676316266391082
-0.3011036955892888,40.16775174813108,0,Group_A,0,0.31088303229360303
-1.4785219903674274,82.25681037382103,1,Group_B,1,0.6158411881405584
-0.7198442083947086,10.416882070414257,1,Group_A,1,0.745979298673126
-0.4606387709597875,40.014925452202974,1,Group_A,1,0.7798106896988801
1.0571222262189157,45.8351824231849,1,Group_A,1,0.7806436932157443
0.3436182895684614,58.36560426441306,1,Group_B,1,0.6068798433804126
-1.763040155362734,92.78700547714844,0,Group_A,0,0.19663240126875567
0.324083969394795,41.17113949293651,0,Group_B,0,0.2909471953147462
-0.38508228041631654,41.22578817066049,0,Group_B,0,0.14469992084477304
-0.6769220003059587,76.37511232987735,0,Group_A,0,0.308624694498416
0.6116762888408679,50.69961468008265,0,Group_A,0,0.3237775626441024
1.030999522495951,30.214434064598375,1,Group_A,1,0.8945907571338436
0.9312801191161986,50.7195564519424,0,Group_A,0,0.16295259845692284
-0.8392175232226385,22.677131834181985,0,Group_B,0,0.3475392002998346
-0.3092123758512146,25.874828785560098,0,Group_B,0,0.25608897307559625
0.33126343140356396,54.853099546553175,1,Group_A,1,0.7120387788432521
0.9755451271223592,47.70329045540931,0,Group_A,0,0.1367130271975534
-0.47917423784528995,92.33613109612901,1,Group_A,1,0.8206516819462613
-0.18565897666381712,42.61545092049698,0,Group_A,0,0.17075727974310614
-1.1063349740060282,62.25295152502391,0,Group_A,0,0.21142660056191376
-1.1962066240806708,66.90378591275774,0,Group_A,0,0.11876266806921054
0.812525822394198,11.178501092950027,1,Group_A,1,0.8404100747458557
1.356240028570823,69.71836348150396,0,Group_A,0,0.32997655719149305
-0.07201012158033385,26.02323701827763,1,Group_A,1,0.8200847490126938
1.0035328978920242,96.49632857225096,0,Group_A,0,0.18983305314756602
0.36163602504763415,23.379645497780167,0,Group_A,0,0.1520440222797872
-0.6451197546051243,47.316171135432135,1,Group_B,1,0.791265979341069
0.36139560550841393,17.681470127077947,1,Group_A,1,0.7488499152339658
1.5380365664659692,99.71868266613527,1,Group_B,1,0.6534757400713924
-0.03582603910995154,55.19755092981183,1,Group_B,1,0.8057733813149591
1.5646436558140062,63.58465155880394,1,Group_A,1,0.8973379295463911
-2.6197451040897444,16.036882964958473,1,Group_B,1,0.8241658763226114
0.8219025043752238,77.496442335926,1,Group_A,1,0.8219959160056836
0.08704706823817122,28.891503378602717,1,Group_A,1,0.8850938258791775
-0.29900735046586746,90.82488604966424,1,Group_A,1,0.6608809102724706
0.0917607765355023,28.462567643380645,0,Group_A,1,0.7696649894764321
-1.9875689146008928,27.16189485972999,1,Group_A,1,0.893894014510165
-0.21967188783751193,13.28947010632854,0,Group_A,0,0.14958823329105236
0.3571125715117464,52.48602505989993,1,Group_A,1,0.8100755878333563
1.477894044741516,60.83570199363548,1,Group_A,1,0.7757430437915707
-0.5182702182736474,15.913777548551714,0,Group_A,0,0.2759437276566121
-0.8084936028931876,79.79748550255096,1,Group_B,1,0.8093011882560226
-0.5017570435845365,50.795995127322485,0,Group_A,0,0.37888507686270534
0.9154021177020741,57.195124239482205,0,Group_A,0,0.33477458195540144
0.32875110965968446,49.668647224440534,1,Group_B,1,0.616840831024863
-0.5297602037670388,46.06867547877934,0,Group_A,0,0.3558184059627134
0.5132674331133561,60.36762981773961,1,Group_A,1,0.6676623989777197
0.09707754934804039,23.971622133764125,1,Group_A,1,0.7130742494209116
0.9686449905328892,26.3735317445744,0,Group_A,0,0.23851984408371468
-0.7020530938773524,87.56070589121656,0,Group_B,0,0.24427180022592093
-0.3276621465977682,95.15039159202695,0,Group_A,0,0.23055411977660706
-0.39210815313215763,43.597838465177766,1,Group_B,1,0.8812059882647594
-1.4635149481321186,34.367020582919835,1,Group_A,1,0.8118057022992075
0.29612027706457605,67.95995889151142,1,Group_A,1,0.7893511937870119
0.26105527217988933,46.78607539882868,0,Group_A,0,0.11495260833488247
0.00511345664246089,12.284772009431038,1,Group_A,1,0.8711739990781124
-0.23458713337514692,24.053733762957133,0,Group_A,0,0.37281705760251893
-1.4153707420504142,74.43750059626578,1,Group_B,1,0.8340639190290308
-0.42064532276535904,69.30315477191363,0,Group_B,0,0.10210876114408575
-0.3427145165267695,12.438639325313513,1,Group_A,1,0.617184075323287
-0.8022772692216189,29.97749457396545,0,Group_B,0,0.16756711068054694
-0.16128571166600914,30.796731692926425,1,Group_B,1,0.6394048224434721
0.4040508568145384,70.47034692388556,0,Group_A,0,0.21965080891111885
1.8861859012105302,11.773948397892774,1,Group_A,1,0.876786917426337
0.17457781283183896,19.369772378611646,1,Group_A,1,0.7416181302590995
0.25755039072276437,81.99244768358705,0,Group_A,0,0.1040207879296497
-0.07444591576616721,26.069019584890025,1,Group_A,1,0.6848237068736286
-1.9187712152990415,68.74714970666872,1,Group_A,1,0.6133784725118885
-0.026513875449216878,31.436450294205386,0,Group_B,0,0.11088628678405066
0.06023020994102644,18.949725348341065,0,Group_A,0,0.18271595592866569
2.463242112485286,31.88549718995087,1,Group_A,1,0.6826837016036836
-0.19236096478112252,75.00402386700932,0,Group_B,0,0.3361379807804813
0.30154734233361247,87.01268212956572,0,Group_B,0,0.3924503958343336
-0.03471176970524331,84.71978781102925,0,Group_A,0,0.2113621281669995
-1.168678037619532,45.74651766566093,1,Group_B,1,0.7286660636583115
1.1428228145150205,70.12766229135815,0,Group_A,0,0.35343683088580646
0.7519330326867741,28.448586587423886,1,Group_A,1,0.6804417060286541
0.7910319470430469,36.383295723491194,1,Group_A,1,0.6469145413210344
-0.9093874547947389,90.67022366690078,1,Group_A,1,0.8559268870210952
1.4027943109360992,11.170173115966243,1,Group_A,1,0.6139501759320196
-1.4018510627922809,17.695767776902127,0,Group_A,0,0.28590983205982473
0.5868570938002703,28.70976296314246,1,Group_A,1,0.768597854240042
2.1904556258099785,12.387898348643773,0,Group_A,0,0.2037761342505083
-0.9905363251306883,26.329189158081757,0,Group_A,0,0.19455685632920772
-0.5662977296027719,62.473740487272295,0,Group_B,0,0.3315573178544864
0.09965136508764122,47.92820955332481,0,Group_A,0,0.12592738322876396
-0.5034756541161992,90.34045399692774,1,Group_A,1,0.6710352927934156
-1.5506634310661327,83.56992055645968,1,Group_A,1,0.819734619551427
0.06856297480602733,40.76356165280884,0,Group_A,0,0.26449617511792733
-1.0623037137261049,33.34810900881632,0,Group_A,0,0.13839646256007593
0.4735924306351816,44.17231673505402,1,Group_B,1,0.864640684284618
-0.9194242342338032,63.1265448263327,0,Group_A,0,0.2180343539690775
1.5499344050175394,34.125727674058865,0,Group_A,0,0.3483605125966519
-0.7832532923362371,66.17340170642206,0,Group_A,0,0.3363139046583127
-0.3220615162056756,46.84704869721164,1,Group_A,1,0.7873276339415185
0.8135172173696698,59.68424627667822,1,Group_A,1,0.748344339388528
-1.2308643164339552,49.2513876221785,0,Group_A,0,0.39386525211452716
0.22745993460412942,36.50191835877259,0,Group_A,0,0.14348952171394513
1.307142754282428,95.3607976265941,1,Group_A,1,0.8175467182653344
-1.6074832345612275,78.72452147437848,1,Group_A,1,0.6573572104394367
0.1846338585323042,22.61018581898073,0,Group_A,0,0.20147893159970454
0.25988279424842353,88.16211783081215,1,Group_B,1,0.6926096230119586
0.7818228717773104,53.86880784245623,0,Group_B,0,0.38411079632161693
-1.236950710878082,90.50970042046822,0,Group_B,0,0.39020685333648264
-1.3204566130842763,81.98697303525837,1,Group_A,1,0.6549046332704181
0.5219415656168976,48.26921540223101,0,Group_A,0,0.10661054808925126
0.29698467323318606,12.022237748810566,1,Group_A,1,0.816002411898934
0.25049285034587654,34.180962344645145,0,Group_A,0,0.22539698016114532
0.3464482094969757,58.747079319478026,0,Group_A,0,0.12665207352626934
-0.6800247215784908,67.01303978435325,1,Group_A,1,0.8051262316731128
0.23225369716100355,33.20989168898821,0,Group_A,0,0.2635316584782099
0.29307247329868125,22.54204666655417,1,Group_B,1,0.8941550466003318
-0.7143514180263678,85.14372131193691,0,Group_A,0,0.1682228487584137
1.8657745111447566,98.5961962633197,0,Group_A,0,0.22119336289796449
0.4738329209117875,57.312116407241724,0,Group_A,0,0.2627637410186269
-1.1913034972026486,25.451135726347317,1,Group_B,1,0.8375099965360056
0.6565536086338297,34.50765938674321,0,Group_A,0,0.26465159701601765
-0.9746816702273214,11.655160889272006,1,Group_A,1,0.7838700482585848
0.787084603742452,92.28689259044491,0,Group_A,0,0.16784411547698225
1.158595579007404,20.597597460112702,1,Group_A,1,0.854075618426568
-0.8206823183517105,61.88648279628282,0,Group_A,0,0.22858916409114274
0.9633761292443218,34.66496986184854,1,Group_B,1,0.6422878882565308
0.4127809269364983,59.87602022642141,1,Group_A,1,0.7992563743516252
0.82206015999449,68.62783495166778,1,Group_A,1,0.6648271359555923
1.8967929826539474,84.67676233364814,1,Group_A,1,0.62926875307179
-0.2453881160028705,28.577914458454288,1,Group_A,1,0.8585960725212817
-0.7537361643574896,10.989624579263243,1,Group_A,1,0.738048679346532
-0.8895144296255233,22.319706706192655,0,Group_A,0,0.324785113808733
-0.8158102849654383,91.00167776632946,0,Group_A,0,0.18717626794190656
-0.0771017094141042,88.65010698062638,1,Group_A,1,0.8360910404752999
0.3411519748166439,63.76717919532775,1,Group_A,1,0.6335807781064591
0.27669079933001905,64.0465174390288,1,Group_A,1,0.7067920121384559
0.8271832490360238,69.853300709163,0,Group_A,0,0.39341854539205856
0.01300189187790702,25.783415076110465,0,Group_B,0,0.3381969149104018
1.4535340771573169,92.29707513324638,0,Group_A,0,0.24917677909440647
-0.2646568332379561,47.68934724028658,1,Group_A,1,0.7019332414685655
2.720169166589619,44.48246754245477,0,Group_B,0,0.361640710006743
0.6256673477650062,56.70259347545538,0,Group_A,0,0.2634543277253547
-0.8571575564162826,14.226937009754954,0,Group_B,0,0.3275275053607334
-1.0708924980611123,24.965503188047148,0,Group_A,0,0.32623230409484927
0.4824724152431853,76.42302547837333,0,Group_B,0,0.10538370357054755
-0.2234627853258509,17.45188011326138,0,Group_A,0,0.13787613483778405
0.714000494092092,64.28368985197494,1,Group_A,1,0.7978888099184227
0.47323762457354485,32.081419871318886,0,Group_A,0,0.14848594338576143
-0.07282891265687277,45.036605263777886,0,Group_B,0,0.1766480033966814
-0.846793718068405,35.98243630936299,0,Group_B,0,0.38399138625988216
-1.5148472246858646,42.01054448184542,0,Group_A,0,0.2680546775124736
-0.4465149520670211,74.71413146658209,0,Group_A,0,0.32521885209980417
0.8563987943234723,36.74095440608575,0,Group_B,0,0.267394221634792
0.21409374413020396,60.976417626720746,1,Group_A,1,0.7657540844348176
-1.245738778711988,52.84453619791897,0,Group_B,0,0.1282455730377094
0.173180925851182,69.73040488263834,1,Group_B,1,0.7030989577827309
0.3853173797288368,94.31467653922822,1,Group_A,1,0.6847292696059535
-0.883857436201133,75.93148874892253,1,Group_A,1,0.717218509684084
0.1537251059455279,29.34463407316811,0,Group_A,0,0.3395032564672985
0.058208718445999896,12.80648215551562,0,Group_A,0,0.21157980037505947
-1.142970297830623,33.60376398698426,0,Group_B,0,0.23550904576950485
0.3577873603482833,63.55701376302294,0,Group_A,0,0.21921441714559498
0.5607845263682344,14.628323213582531,1,Group_B,1,0.6280223915925887
1.083051243175277,54.67296224811127,0,Group_A,0,0.23232164747523515
1.053802052034903,63.71585640252003,0,Group_B,0,0.15868278191335453
-1.377669367957091,40.08195017352647,1,Group_A,1,0.6560169887319125
-0.9378250399151228,79.38209833712398,1,Group_A,1,0.6282108313302799
0.5150352672086598,19.593842782039463,0,Group_A,0,0.20700129224252944
0.5137859509122088,16.762400356222788,0,Group_B,0,0.32724456543682523
0.5150476863060479,75.5369880583243,0,Group_A,0,0.18293250717501885
3.852731490654721,54.59421845855786,0,Group_B,0,0.19370473056565407
0.570890510693167,71.95621567849625,0,Group_A,0,0.2928023973017271
1.135565640180599,49.13446047433716,0,Group_A,0,0.15875224377607566
0.9540017634932023,32.17618299151961,0,Group_A,0,0.36908737912706036
0.651391251305798,83.71920859067798,0,Group_A,0,0.2560571569754664
-0.3152692446403456,81.94742910720814,0,Group_A,0,0.23428088209606512
0.7589692204932674,72.52268237689842,0,Group_B,0,0.26734605757876045
-0.7728252145375718,34.49306235069665,0,Group_B,0,0.14981029402485865
-0.23681860674000887,63.12076001821784,1,Group_B,1,0.7840419415917529
-0.48536354782910346,42.48765072460241,1,Group_B,1,0.7089302209902031
0.08187413938632256,18.242386599397072,0,Group_A,0,0.3691559022893858
2.3146585666735087,92.55822179160185,0,Group_A,0,0.15065626200330584
-1.867265192591748,22.313676782706526,0,Group_A,0,0.25211533115963236
0.6862601903745135,95.52136184387221,1,Group_B,1,0.7794337888107055
-1.6127158711896517,50.140519566216014,1,Group_A,1,0.6100150805359144
-0.47193186578943347,26.66196359547577,0,Group_A,0,0.20910793742684208
1.088950596967366,58.77108526405223,1,Group_A,1,0.8197905704102499
0.06428001909546277,88.56512522887675,0,Group_A,0,0.346113252234692
-1.0777447779293061,75.9002397768605,0,Group_B,0,0.19394859844518472
-0.7153037092599682,82.59050330753047,1,Group_B,1,0.8395779817148254
0.6795977489346758,69.29050300396456,1,Group_A,1,0.8903267631310167
-0.7303666317171367,72.30489080660672,1,Group_B,1,0.8570621808225283
0.21645858958197486,86.42760864087873,1,Group_A,1,0.6352931964477976
0.045571839903813784,32.470120797326736,0,Group_A,0,0.32191909962566223
-0.6516003476058171,54.04824672788264,1,Group_A,1,0.6959000497321635
2.1439440893253257,29.908849763764202,0,Group_A,0,0.39652479682362296
0.6339190223180112,98.89012071969823,1,Group_A,1,0.7456076949479662
-2.025142586657607,94.9653405717952,0,Group_B,0,0.13673016950768233
0.18645431476942764,13.54841302316553,1,Group_A,1,0.8175556644082173
-0.661786464768388,73.50176552641196,0,Group_B,0,0.19690335951586418
0.852433334796224,93.27234856740992,1,Group_A,1,0.8991234471244985
-0.7925207384327007,26.25178106146002,0,Group_A,0,0.39393473735635665
-0.11473644146689901,61.11507074973665,1,Group_A,1,0.7968402054061743
0.5049872789804571,92.39394678292376,0,Group_A,0,0.13894793468551528
0.8657551941701215,13.055138072721896,1,Group_A,0,0.3060582993025087
-1.2002964070557762,72.76782405221559,0,Group_B,0,0.12790914593800817
-0.3345012358409484,36.761410663529574,0,Group_A,0,0.1088092477307177
-0.4749453111609562,93.19565758388774,1,Group_A,1,0.8468875338664459
-0.6533292325737119,97.39524206488309,0,Group_A,0,0.1629258843051044
1.7654542402810969,94.98398402020905,1,Group_A,1,0.7137081378657293
0.40498171096095553,52.67927949917174,0,Group_A,0,0.392037216992852
-1.2608839543350452,87.58383858903821,0,Group_A,0,0.20105215055833098
0.9178619470547761,86.00944586815633,1,Group_A,1,0.6889469343849945
2.1221561970126332,38.71904259189301,1,Group_A,1,0.8754623998868326
1.0324652605511468,84.60239267356096,0,Group_A,0,0.13322453359568745
-1.5193699659540134,13.330687124394336,0,Group_A,0,0.3278747230343896
-0.48423407286625136,63.66428906338477,1,Group_A,1,0.8964196699958322
1.2669111491866227,30.700795355893273,0,Group_A,0,0.37038880323239465
-0.7076694656187807,20.851019719955094,1,Group_B,1,0.7955003756119279
0.44381942814622843,16.925788146628825,1,Group_A,1,0.6942182384978196
0.7746340534293368,72.66598982903258,1,Group_A,1,0.6762965943534951
-0.926930471578083,40.58874673912595,0,Group_A,0,0.3457765314614384
-0.05952535606180008,75.22900943758853,1,Group_B,1,0.8639465741855087
-3.2412673400690726,15.882070671904813,0,Group_A,0,0.25763047376370785
-1.0243876413342898,38.37613040475493,0,Group_A,0,0.17330198223593984
-0.2525681513931603,58.55421631378035,0,Group_B,0,0.13388296252335208
-1.2477831819648495,81.16508483550672,0,Group_A,0,0.12615384034954935
1.6324113039316352,38.68772526388629,1,Group_A,1,0.8157232342061567
-1.4301413779606327,66.33022387933082,1,Group_A,1,0.7260356183543175
-0.44004448669698376,89.73799734125684,1,Group_A,1,0.8716079622833611
0.13074057728609134,65.42768693640741,0,Group_B,0,0.3219013902180291
1.4412732890661155,30.96635272782704,0,Group_B,0,0.157378125374376
-1.4358621511794394,12.196070340088422,0,Group_A,0,0.2841332256447098
1.1631637521549596,88.3088986510837,1,Group_A,1,0.7306516363194479
0.010233061019587049,11.914246976534843,0,Group_A,0,0.27317491923058396
-0.9815086510479509,88.72315054157795,1,Group_A,1,0.8214207370015552
0.46210347426327075,57.60434206244908,0,Group_B,0,0.34185876430113726
0.19905969557347003,94.51609286616066,0,Group_A,0,0.35312119792201735
-0.6002168771587947,81.89049121962988,1,Group_A,1,0.6761924623716075
0.06980208499001891,99.81406994800037,0,Group_B,0,0.10933467997520731
-0.3853135968617602,41.564063390653914,1,Group_A,1,0.821788420549432
0.11351734525124804,79.04694600380142,1,Group_A,1,0.6319031178767324
0.6621306745210467,46.1737822248318,0,Group_A,0,0.19447587658389032
1.586016816145352,53.18880582735179,0,Group_B,0,0.10114514023730414
-1.237815498826849,66.47549168965331,0,Group_A,0,0.30450084472048605
2.1330333746562666,88.63094027677049,1,Group_A,1,0.6501396034413665
-1.9520877995225019,98.56751222793656,0,Group_A,0,0.2965847229074975
-0.15178509503558332,79.14460724780663,1,Group_A,1,0.8975227851503517
0.5883172064845765,47.59901039506004,0,Group_B,1,0.6218012614830049
0.28099186773503265,47.922130204936316,1,Group_B,1,0.6231234035854383
-0.6226995198205938,76.38240714300024,0,Group_A,0,0.20211402780000248
-0.20812225035727522,31.48994311914721,1,Group_A,1,0.8599159542754027
-0.4930009346588328,19.94267018182552,1,Group_A,1,0.6646589606373996
-0.5893647569442115,41.91599418766989,0,Group_A,0,0.2081133459791043
0.8496020970210246,35.85150924886736,0,Group_A,0,0.12055162198809388
0.35701548596504734,36.66773084103911,1,Group_B,1,0.8289465873776669
-0.6929095952606542,31.024697594491894,0,Group_A,0,0.22249190282783537
0.8995998754332507,13.78838706727257,1,Group_A,1,0.8277746199182529
0.30729952087660933,11.608654126007243,0,Group_A,0,0.3710823533040386
0.8128621188389601,98.89501507624284,0,Group_B,0,0.16982894413038663
0.6296288419236122,48.49958203622761,1,Group_B,1,0.8422188091019854
