drifted_feature,important_feature,amount,subgroup,target,prediction
0.4967141530112327,38.71904259189301,50.96048067842504,domestic,1,0.6548946273378856
-0.13826430117118466,84.60239267356096,101.21672834882554,domestic,0,0.13925766702509568
0.6476885381006925,13.330687124394336,30.324613454600474,domestic,1,0.9638198508879952
1.5230298564080254,63.66428906338477,36.24180343488855,domestic,0,0.22409723217932737
-0.23415337472333597,30.700795355893273,33.554274975443,foreign,0,0.8917794944998407
-0.23413695694918055,20.851019719955094,54.96026185327917,foreign,1,0.08468768111191667
1.5792128155073915,16.925788146628825,7.520872710472859,domestic,1,0.8570926072769149
0.7674347291529088,72.66598982903258,1.5215990459985635,domestic,0,0.16578525659244764
-0.4694743859349521,40.58874673912595,18.403404400689045,foreign,0,0.866264235485526
0.5425600435859647,75.22900943758853,60.98491737704197,domestic,0,0.8272253571461933
-0.46341769281246226,15.882070671904813,11.273152721830519,domestic,1,0.11495121406051244
-0.46572975357025687,38.37613040475493,55.955920466598954,domestic,0,0.16118215758129883
0.24196227156603412,58.55421631378035,175.1815195114605,foreign,0,0.1500422367085278
-1.913280244657798,81.16508483550672,4.930319686089348,domestic,0,0.8980965399143291
-1.7249178325130328,38.68772526388629,55.82895419522681,domestic,0,0.7344916147093167
-0.5622875292409727,66.33022387933082,29.326891987858676,foreign,0,0.666305523749021
-1.0128311203344238,89.73799734125684,101.30158110967582,foreign,1,0.10934878418821514
0.3142473325952739,65.42768693640741,9.749054952932191,domestic,0,0.13817757449460227
-0.9080240755212109,30.96635272782704,58.98449381901769,domestic,0,0.8137401272781589
-1.4123037013352915,12.196070340088422,91.04354307988228,foreign,0,0.26619740275765963
1.465648768921554,88.3088986510837,144.67161936901365,domestic,1,0.1182670272142466
-0.22577630048653566,11.914246976534843,57.481811749231106,domestic,0,0.8886019239062873
0.06752820468792384,88.72315054157795,34.37563063057698,domestic,0,0.12035275815420383
-1.4247481862134568,57.60434206244908,48.09674277754708,foreign,1,0.3183044873701928
-0.5443827245251827,94.51609286616066,101.59164546839557,domestic,1,0.20363844937929704
0.11092258970986608,81.89049121962988,42.26945460345029,foreign,1,0.06425142135678759
-1.1509935774223028,99.81406994800037,1.54291588669526,foreign,1,0.18011276208780136
0.37569801834567196,41.564063390653914,133.64527536495865,domestic,0,0.7778358756513991
-0.600638689918805,79.04694600380142,58.48287680055751,domestic,1,0.08042695349802446
-0.2916937497932768,46.1737822248318,56.429877193974455,domestic,0,0.24003478275318155
-0.6017066122293969,53.18880582735179,12.146599900901197,domestic,1,0.7548470485706138
1.8522781845089378,66.47549168965331,53.776849683404436,domestic,1,0.9814138362604771
-0.013497224737933921,88.63094027677049,25.03257824479294,foreign,1,0.8653834382513517
-1.0577109289559004,98.56751222793656,52.66755678436182,domestic,0,0.8381421697926583
0.822544912103189,79.14460724780663,5.635653439134803,foreign,0,0.10647087983086462
-1.2208436499710222,47.59901039506004,53.62461592329283,domestic,0,0.13697656751421647
0.2088635950047554,47.922130204936316,372.0861454852203,domestic,1,0.15327353403165772
-1.9596701238797756,76.38240714300024,2.4706499447150345,domestic,1,0.7698250035374822
-1.3281860488984305,31.48994311914721,188.99315562811142,domestic,0,0.20926594763361006
0.19686123586912352,19.94267018182552,26.120284122729863,domestic,0,0.10894291468227318
0.7384665799954104,41.91599418766989,102.30167305078766,domestic,0,0.8317120067727984
0.1713682811899705,35.85150924886736,76.25150284671463,domestic,1,0.770452050031319
-0.11564828238824053,36.66773084103911,41.85275529632762,domestic,1,0.6450133072963751
-0.3011036955892888,31.024697594491894,67.05633929263293,domestic,0,0.13471777899198648
-1.4785219903674274,13.78838706727257,105.39845504791698,domestic,0,0.34300923372903325
-0.7198442083947086,11.608654126007243,25.887503932435134,domestic,1,0.21276834303184194
-0.4606387709597875,98.89501507624284,19.802961239550324,foreign,1,0.8930449376145447
1.0571222262189157,48.49958203622761,55.06981585861534,domestic,0,0.1466655358088085
0.3436182895684614,44.58939824437135,82.47289214855367,domestic,0,0.3114326371066591
-1.763040155362734,71.16825544237628,71.8341684410256,domestic,0,0.16730535052548007
0.324083969394795,29.642849907855776,79.92827382238877,domestic,0,0.23428899193949282
-0.38508228041631654,95.49650655552028,28.598124837094325,domestic,0,0.7921229752903769
-0.6769220003059587,80.77105129739968,85.14190531929316,domestic,0,0.1596605444951574
0.6116762888408679,18.046990208103356,6.403548132678573,domestic,1,0.2738056076023141
1.030999522495951,47.58226982064355,39.316781417214145,domestic,0,0.13098439002482873
0.9312801191161986,89.12064768059483,0.28876527581269273,domestic,1,0.8653787811356185
-0.8392175232226385,95.02588200622692,19.621459547159393,domestic,0,0.228468275930998
-0.3092123758512146,52.06613601248827,22.821728131459306,domestic,0,0.09062163838466925
0.33126343140356396,65.2070250289637,25.22335175943337,foreign,0,0.05087143394768792
0.9755451271223592,25.03305514828677,59.44882510155721,domestic,0,0.03259797873980479
-0.47917423784528995,99.20517635232788,24.596767135570325,domestic,1,0.16318086729892137
-0.18565897666381712,30.850453124509905,29.77322927819642,domestic,1,0.8540710161484815
-1.1063349740060282,94.84585967216131,13.560532436598896,domestic,0,0.16386733314963264
-1.1962066240806708,68.46819840931316,23.36052002753381,domestic,0,0.16951625583268
0.812525822394198,64.69631153909732,12.891254876652441,domestic,1,0.8321438196292156
1.356240028570823,56.141965991485776,3.8006544127693607,domestic,0,0.2691890750881666
-0.07201012158033385,30.760283054598283,46.24747976592281,domestic,0,0.7219276817218787
1.0035328978920242,25.887522880495744,55.16307375355345,domestic,1,0.08372023801758034
0.36163602504763415,29.84375881631578,48.31218650742091,domestic,0,0.1417396191880762
-0.6451197546051243,26.779443592982908,31.13388075084737,domestic,0,0.018544895107666604
0.36139560550841393,80.16260262100779,23.884517238994995,domestic,0,0.1359316476454343
1.5380365664659692,41.51127332500571,99.51063609473775,domestic,1,0.9829176132582415
-0.03582603910995154,15.205840890705673,36.60290274007968,foreign,0,0.8929672666448915
1.5646436558140062,97.21923671267302,32.61771957576247,domestic,0,0.8541301101368967
-2.6197451040897444,89.54072964670831,1.2988276971007235,domestic,1,0.13354179273376215
0.8219025043752238,93.49770548756916,20.870394070539884,domestic,0,0.09799866650636374
0.08704706823817122,99.54170403817918,23.91756824494026,foreign,1,0.819984289574085
-0.29900735046586746,25.650572429753858,25.44327570989996,domestic,0,0.8245827922595013
0.0917607765355023,45.661781701239285,43.39555274326353,domestic,1,0.2525315036003015
-1.9875689146008928,78.24146281336822,38.135855217643446,domestic,0,0.8946152848580099
-0.21967188783751193,72.6418556248413,46.812567913740985,domestic,0,0.06108336344503744
0.3571125715117464,23.850631570586955,72.38365643934405,domestic,0,0.16972038227456038
1.477894044741516,83.42498124915559,83.82852007425824,domestic,0,0.1898577398797428
-0.5182702182736474,30.19965146529946,63.314237191569546,foreign,1,0.9412119230817013
-0.8084936028931876,30.14358533403608,155.63993625021027,domestic,1,0.756398587952087
-0.5017570435845365,58.32769806040722,0.9200422291350013,domestic,0,0.21788496275805982
0.9154021177020741,63.364594135753286,10.893995535625647,foreign,0,0.1312784112714415
0.32875110965968446,62.20775870540301,0.37958092657078446,domestic,1,0.8873086699557068
-0.5297602037670388,18.233815365797938,52.13164632038758,domestic,1,0.22898676132712817
0.5132674331133561,88.97147763673424,114.15410050332385,domestic,0,0.8439239181085981
0.09707754934804039,33.90400383298355,13.951467213888675,domestic,0,0.12441219813961248
0.9686449905328892,21.656342915452377,130.88845831118593,domestic,0,0.8621406393798992
-0.7020530938773524,89.98732718820794,3.107995096936032,foreign,0,0.7628735907081756
-0.3276621465977682,96.0086348406778,136.2364461500059,domestic,0,0.13753428205367177
-0.39210815313215763,87.59148555389055,21.66412396532692,domestic,0,0.853028953200716
-1.4635149481321186,82.85644672523902,5.347023069596843,domestic,0,0.8967658102359655
0.29612027706457605,68.97177825751196,33.26412744497058,foreign,1,0.31188849753837117
0.26105527217988933,59.57716335482254,14.837928153908594,foreign,0,0.8505439875647998
0.00511345664246089,17.828808392026914,16.764749629583097,foreign,0,0.8355686654590073
-0.23458713337514692,46.760789176362884,18.35718935806393,domestic,0,0.25982787797412243
-1.4153707420504142,43.54196653110826,81.23415099827118,domestic,0,0.6730510470936394
-0.42064532276535904,33.37784053842935,38.73535690691302,domestic,0,0.972674696103706
-0.3427145165267695,75.10781023197265,18.648034787672625,domestic,0,0.03608342780398839
-0.8022772692216189,54.628816157089375,47.12323804772562,domestic,0,0.8286678136612468
-0.16128571166600914,17.294159431688314,62.965586232405066,domestic,0,0.11566044637610705
0.4040508568145384,29.81648817548302,15.915587110402301,domestic,0,0.19708426158165757
1.8861859012105302,71.49328872936363,26.683316697955107,domestic,0,0.02215005184930019
0.17457781283183896,16.851777354127016,6.498947976070027,domestic,1,0.8869738132865554
0.25755039072276437,86.60862226438918,9.992678386106936,domestic,0,0.31194476986294817
-0.07444591576616721,54.56318743125769,57.14668463130851,domestic,1,0.7409460796325751
-1.9187712152990415,53.25279195939832,10.010328074182361,domestic,0,0.8651764934088316
-0.026513875449216878,63.31670061935658,37.239224986605,domestic,0,0.09704142577627127
0.06023020994102644,84.22128693326343,61.72954997198428,foreign,0,0.19389666143880252
2.463242112485286,41.30282871119738,5.651544176023521,domestic,0,0.10350831636399868
-0.19236096478112252,71.02145373031573,41.886943628407344,domestic,1,0.8521344845688429
0.30154734233361247,60.9158767596212,14.823548004624207,domestic,1,0.19576742227239374
-0.03471176970524331,34.03254431524792,164.7431485903963,foreign,1,0.09868104727645526
-1.168678037619532,89.07669877196422,33.038418566340354,domestic,0,0.1890297827896859
1.1428228145150205,81.76834194462353,81.99293587176795,domestic,0,0.29434784878293946
0.7519330326867741,69.26066511925829,39.95056249968056,domestic,0,0.8347276966618161
0.7910319470430469,86.55235561848177,2.2191524639933062,domestic,0,0.20758063537185456
-0.9093874547947389,88.05647808638221,50.14029917871762,domestic,0,0.7465381633703069
1.4027943109360992,73.75266790435313,151.21002600623663,domestic,0,0.07348508985455929
-1.4018510627922809,85.33119955273048,46.016421137691225,foreign,0,0.8877925022304302
0.5868570938002703,72.77243155023552,85.51511073538646,domestic,0,0.1494918754581705
2.1904556258099785,71.21266945842703,107.79732650770167,foreign,1,0.2749804105560337
-0.9905363251306883,65.67502403936659,12.943703291825011,domestic,1,0.7499673812824226
-0.5662977296027719,77.74449756018771,11.915704709007787,domestic,1,0.8983612261084293
0.09965136508764122,24.274459476376634,47.20635323547652,foreign,0,0.8875657454678746
-0.5034756541161992,89.27836832790356,26.468871616678864,domestic,0,0.2071282799776074
-1.5506634310661327,88.46591749707088,91.5857491084462,domestic,0,0.8376939178241306
0.06856297480602733,12.632255473110323,115.14081768564279,domestic,1,0.7801656258608347
-1.0623037137261049,84.32350755082864,21.803023921175736,domestic,0,0.1484200725172298
0.4735924306351816,21.598288072610067,13.516380730422153,domestic,0,0.1110736087460954
-0.9194242342338032,40.16069688332277,75.82596478962243,domestic,1,0.7863063436245004
1.5499344050175394,76.9157430662447,16.06580613670829,domestic,0,0.1771194948247397
-0.7832532923362371,24.46839064434774,86.47144627595175,domestic,0,0.0893606221985061
-0.3220615162056756,83.6170321707156,27.559665037770507,domestic,0,0.0246920213628726
0.8135172173696698,84.89207601619677,55.06327516026851,domestic,0,0.7424708423709451
-1.2308643164339552,55.67209603847526,5.02060086455629,domestic,0,0.02173916265472403
0.22745993460412942,10.574728454515022,48.88960345326871,domestic,0,0.8698009533260963
1.307142754282428,35.83343198574215,30.052806898139252,domestic,0,0.1620324350540931
-1.6074832345612275,65.5234226538168,44.16800520333024,domestic,0,0.858041607560653
0.1846338585323042,98.30675602246811,9.196995746157896,foreign,1,0.1970185321983954
0.25988279424842353,66.86321743150015,66.75606523742663,domestic,0,0.09522961393919968
0.7818228717773104,33.38232229577439,99.31471316059388,domestic,0,0.2132500479330215
-1.236950710878082,67.06051327896502,12.214516334426968,domestic,0,0.6923916945830532
-1.3204566130842763,58.59868417442699,5.030510563140048,domestic,1,0.9214077870639448
0.5219415656168976,80.18608556360293,1.1961229965786995,domestic,0,0.7531062456575375
0.29698467323318606,19.628257494426258,51.35713440247937,foreign,0,0.908461129525322
0.25049285034587654,78.49251122518253,46.709248666195904,domestic,1,0.727898320262223
0.3464482094969757,58.71399208084993,39.559770669178285,foreign,1,0.15260604619268497
-0.6800247215784908,96.66928034730952,13.194833147064442,foreign,0,0.16711230945611855
0.23225369716100355,40.76849494348175,24.78913325326026,foreign,1,0.834846906321476
0.29307247329868125,66.93597038205533,45.1288023769661,foreign,0,0.7267801894375139
-0.7143514180263678,93.88252949590157,34.3350857495958,domestic,0,0.3086708987881369
1.8657745111447566,19.225875519161132,220.25665816906633,domestic,0,0.19393846372013185
0.4738329209117875,94.3505638512806,7.334580630766366,domestic,0,0.3607377634919967
-1.1913034972026486,71.9097150070732,59.39587812102318,domestic,1,0.08559126080909663
0.6565536086338297,16.10533531946547,25.902480040519972,domestic,0,0.2266305782541581
-0.9746816702273214,37.086721025213464,27.948266282585788,domestic,0,0.9123419109915331
0.787084603742452,73.73548797807534,63.22114307095264,domestic,1,0.12675399175221105
1.158595579007404,16.061554132189453,58.95362876599073,domestic,1,0.26288407208473796
-0.8206823183517105,62.39534141586459,236.9693403932185,domestic,0,0.11756719939089771
0.9633761292443218,41.129475125766106,6.870906206829155,domestic,0,0.8211286864460314
0.4127809269364983,65.88239659907293,5.49686250203277,domestic,0,0.01
0.82206015999449,14.116783043126157,64.4291382836771,foreign,1,0.0498085244469505
1.8967929826539474,88.43831255371387,43.18336252339902,domestic,0,0.17909055060999743
-0.2453881160028705,97.61400722596572,16.021329622501305,domestic,1,0.920950991207784
-0.7537361643574896,97.19900697571224,4.137534367389874,domestic,0,0.11633905650551574
-0.8895144296255233,77.46866485686323,4.477543553195397,domestic,0,0.01
-0.8158102849654383,21.70776161175688,112.30592562327945,domestic,0,0.8659158517437195
-0.0771017094141042,78.24368763361203,10.651451592998201,domestic,0,0.8849390841386807
0.3411519748166439,12.212822481292136,19.53164964737904,domestic,0,0.18234358039693582
0.27669079933001905,11.991119637609753,12.851591504781664,domestic,1,0.24886257534577236
0.8271832490360238,39.12491972345872,21.924961740521038,domestic,0,0.06431570562807608
0.01300189187790702,53.977887136419916,3.5975680365814915,domestic,0,0.20441728843603596
1.4535340771573169,79.33666760270138,36.60061610127674,domestic,1,0.24540060099823802
-0.2646568332379561,71.49658389458547,3.500342318872068,domestic,0,0.01
2.720169166589619,50.13124357390735,80.5611021079626,domestic,1,0.1755721460735182
0.6256673477650062,34.62639996534993,13.309865384210301,foreign,0,0.9052189440304218
-0.8571575564162826,99.74120501419401,38.827734557429736,domestic,0,0.01
-1.0708924980611123,48.356317201237566,106.04614082448708,domestic,0,0.7914789276882935
0.4824724152431853,50.62483218967079,52.616602020513206,domestic,0,0.7681443590945364
-0.2234627853258509,24.726143907250226,38.066781628736585,domestic,1,0.7676052263275402
0.714000494092092,81.53285938749364,19.6028021242073,domestic,0,0.09007748232359235
0.47323762457354485,72.43140032033398,20.24840506119234,domestic,0,0.2473898855801304
-0.07282891265687277,29.869265150988436,55.35545752848681,foreign,0,0.21564443352050983
-0.846793718068405,17.414294105425842,256.9748337353652,domestic,0,0.7119354616967523
-1.5148472246858646,71.24493718672417,54.21168634826156,domestic,1,0.7957948278131476
-0.4465149520670211,68.90600928530216,40.79777554839906,domestic,0,0.24552875224378978
0.8563987943234723,34.59335742983884,65.58727620964056,domestic,0,0.07150675750882546
0.21409374413020396,95.57772060253693,31.293646399120444,domestic,1,0.11284765901524901
-1.245738778711988,23.59521026028102,3.1013421741608775,domestic,0,0.8869648714601517
0.173180925851182,48.91013209383417,41.31071300719805,foreign,1,0.26677855000303524
0.3853173797288368,94.9254328150839,158.06017136476675,domestic,0,0.012391795924174526
-0.883857436201133,47.775458523351006,9.636958147035177,domestic,0,0.10212592517251516
0.1537251059455279,67.4673352897677,58.559937923412896,foreign,0,0.16828612220143177
0.058208718445999896,45.78349581665149,11.215567187112898,domestic,1,0.7835644474754747
-1.142970297830623,34.67936821138031,38.374971301322326,foreign,1,0.19180112842126062
0.3577873603482833,98.55798831638454,5.083724185118045,domestic,0,0.8954784180219678
0.5607845263682344,46.84006056835387,29.925582892294035,foreign,0,0.8584247456703269
1.083051243175277,90.4689283311221,70.56283292712283,domestic,0,0.9020360074028911
1.053802052034903,30.695914530197758,21.352688074272706,foreign,0,0.02975357585921458
-1.377669367957091,29.1794233622575,54.66806364380442,foreign,0,0.8192822982438118
-0.9378250399151228,12.802067459606022,79.34713214581751,domestic,1,0.1700160165001356
0.5150352672086598,68.65001428382965,130.98673463521044,foreign,0,0.01
0.5137859509122088,43.1673709351385,13.37058438577778,domestic,0,0.16256428843211604
0.5150476863060479,87.79224248556733,25.48430664572674,domestic,0,0.23655536477926792
3.852731490654721,52.588891602240146,8.268267266120139,domestic,0,0.9296425975266465
0.570890510693167,97.13740851232495,244.53274810240276,domestic,0,0.9152858274715078
1.135565640180599,26.697296413280903,130.86545485792863,domestic,0,0.14406312171604874
0.9540017634932023,88.17608511600497,38.82177993995614,domestic,1,0.23699713392251978
0.651391251305798,79.89371675125676,92.26854960309858,domestic,0,0.2239329459084722
-0.3152692446403456,79.38296601796468,36.79834776491431,foreign,0,0.917115240037569
0.7589692204932674,86.03049053051988,48.85324243108654,foreign,0,0.8006197450762461
-0.7728252145375718,78.4921591848699,4.66744897715109,domestic,1,0.7460706684559146
-0.23681860674000887,66.35982894682738,70.38007175778695,domestic,1,0.052223055306166305
-0.48536354782910346,21.81203899141488,6.831866761445355,domestic,0,0.9346565637555125
0.08187413938632256,12.927356154212672,87.45443674676696,domestic,1,0.9250048097763812
2.3146585666735087,92.87630630341182,76.16945335093325,domestic,0,0.20068892324606652
-1.867265192591748,65.49852830686643,61.67775345468045,domestic,0,0.8570375056842264
0.6862601903745135,81.68835618785587,1.8415184025776559,domestic,0,0.6586980455180681
-1.6127158711896517,53.3370116361295,18.057702002577507,foreign,0,0.14400992494348086
-0.47193186578943347,20.557737006615504,15.266006958956375,domestic,0,0.9056430206052621
1.088950596967366,21.26672129822954,22.32501310097585,domestic,1,0.9179281688594515
0.06428001909546277,71.70087585060742,4.5861820286188815,domestic,1,0.8264826441868653
-1.0777447779293061,48.72753054095164,138.1975650446037,domestic,0,0.14427205985135466
-0.7153037092599682,28.047225403030303,40.34965093815907,domestic,0,0.028570100265535234
0.6795977489346758,54.24350920672932,18.22990609738011,domestic,0,0.8214376639354712
-0.7303666317171367,15.778804336762068,25.290371555329955,domestic,0,0.2212306530815829
0.21645858958197486,62.37742617229589,29.63818011213151,domestic,0,0.8960164012885252
0.045571839903813784,34.209406399158794,45.8888835110396,foreign,0,0.2955378546639777
-0.6516003476058171,81.78031905734693,36.25041260227198,foreign,0,0.15319491177717523
2.1439440893253257,37.932576303121635,125.90785232588233,domestic,1,0.8893615078394239
0.6339190223180112,50.969813417362104,34.35462564603948,domestic,0,0.10791721258659356
-2.025142586657607,11.045848591729058,242.41316326801177,domestic,0,0.6777325664103004
0.18645431476942764,16.5202199015103,95.33325566641402,domestic,1,0.9377722169402957
-0.661786464768388,45.32442007660163,11.691934191971594,domestic,0,0.11169300351932766
0.852433334796224,53.19449512454111,133.3899730294427,domestic,0,0.08097793887655035
-0.7925207384327007,64.00184933073734,6.185638975497147,domestic,0,0.2054783129531195
-0.11473644146689901,36.24963208383729,85.03647870053629,domestic,0,0.8186389888064696
0.5049872789804571,72.54836975138883,23.952080933354857,domestic,1,0.9347949107237297
0.8657551941701215,87.41101574702842,105.1761884121618,foreign,0,0.8993604759661358
-1.2002964070557762,80.18658900040148,101.26914595778133,foreign,0,0.24695551883091205
-0.3345012358409484,13.565694281352144,81.97563291787237,domestic,1,0.8709000424987084
-0.4749453111609562,53.24562525320461,78.03963467821305,domestic,1,0.8204578288603037
-0.6533292325737119,19.44371605763574,18.16909347958934,foreign,1,0.86147107738738
1.7654542402810969,31.78405142762747,4.219066460037473,domestic,0,0.06980224547152841
0.40498171096095553,98.79963339404318,25.790248237114984,foreign,0,0.7618565441664085
-1.2608839543350452,22.824598861136188,9.529251168332879,domestic,1,0.02821126510256873
0.9178619470547761,54.899933810622045,59.3641575488737,foreign,1,0.23901506999919403
2.1221561970126332,65.63401608863072,21.24002131065532,domestic,0,0.09518350417124753
1.0324652605511468,73.22184734896936,185.67951510635413,foreign,0,0.1378755635992016
-1.5193699659540134,60.36838151382227,51.21775572680621,foreign,0,0.29506751615862203
-0.48423407286625136,10.87937626772653,86.43375877049688,domestic,1,0.7974054273957489
1.2669111491866227,39.38151774195927,7.108410438327972,domestic,0,0.11542097286682985
-0.7076694656187807,56.59404790462403,99.03032716682254,foreign,0,0.1369343354172881
0.44381942814622843,17.907984923035002,128.04007243080665,domestic,0,0.16280145806822302
0.7746340534293368,41.55642380882627,33.38000702741247,foreign,0,0.1901426188934036
-0.926930471578083,12.98827979122299,46.602327491249525,domestic,1,0.755163011712392
-0.05952535606180008,17.072064743951866,72.36803671659189,domestic,0,0.19167745324598628
-3.2412673400690726,45.72309485814365,9.608815422728965,domestic,1,0.9716271389847602
-1.0243876413342898,21.94441786387543,34.914627410819726,domestic,1,0.8104175243386493
-0.2525681513931603,61.07867634354023,25.42999078347839,foreign,0,0.7728992859031512
-1.2477831819648495,72.05184722235391,7.913105552263051,domestic,0,0.07342792680839656
1.6324113039316352,82.05280291981745,22.906474122836578,domestic,0,0.17750303052399083
-1.4301413779606327,28.01352198203291,3.5303681352055105,domestic,1,0.14610781187436392
-0.44004448669698376,25.07343240331628,1.3075439984406323,domestic,0,0.1526237596329269
0.13074057728609134,19.411105630096024,7.260901616428179,foreign,0,0.08932037322399447
1.4412732890661155,67.2787224589273,164.99766699885538,foreign,1,0.13156794286353862
-1.4358621511794394,73.5828153838211,39.87313832790614,domestic,0,0.07606134845853564
1.1631637521549596,12.842753034307783,168.8088915942053,foreign,1,0.7985794157641153
0.010233061019587049,94.25910216193208,28.325539550412493,foreign,0,0.2861216856336588
-0.9815086510479509,14.677415528632517,18.684961416535202,domestic,0,0.030277659592793674
0.46210347426327075,58.71667017709634,35.275348738864984,foreign,0,0.7979980852474481
0.19905969557347003,73.81544675058248,28.947344531327417,domestic,1,0.7102037532243948
-0.6002168771587947,88.3872211371477,5.583725029919597,domestic,0,0.8397566634980311
0.06980208499001891,74.2678238919185,51.197460219874635,foreign,1,0.8665813863519155
-0.3853135968617602,82.15552747628126,12.169748099916532,domestic,1,0.15554754696290005
0.11351734525124804,40.55051732885255,48.325014225288186,foreign,0,0.8433292579780566
0.6621306745210467,83.3342602371861,52.519841966230985,foreign,1,0.16485540717928476
1.586016816145352,17.210336174620764,8.24519757772232,domestic,0,0.283876167223883
-1.237815498826849,90.53349904544748,3.165610447526569,foreign,0,0.9572368841432278
2.1330333746562666,59.28331385383626,75.8797746611965,domestic,0,0.24519291177929342
-1.9520877995225019,83.55679929662443,30.790831104569317,domestic,1,0.23109405924350912
-0.15178509503558332,50.70864560664701,2.996195005190793,domestic,0,0.024001642445358073
0.5883172064845765,67.92199256768725,263.59659883683327,foreign,0,0.9240849902249573
0.28099186773503265,57.37623948425019,2.975854071221184,domestic,0,0.9314129173474802
-0.6226995198205938,75.84305695797987,59.37795067500756,domestic,0,0.8717196248660518
-0.20812225035727522,17.34669838275306,205.76490388284765,domestic,0,0.19411810201916185
-0.4930009346588328,15.431687559150742,13.66793084785735,domestic,1,0.17724713731203975
-0.5893647569442115,32.23929106091318,7.672093061679247,domestic,1,0.8812556736742515
0.8496020970210246,24.359021210186953,6.470420301200468,domestic,0,0.7438822297351133
0.35701548596504734,88.46052099329815,18.06823529705549,domestic,1,0.2337854165297159
-0.6929095952606542,29.72925886222399,5.326160177578075,domestic,0,0.2435671993942219
0.8995998754332507,97.82787302372182,58.90897349640917,foreign,1,0.15350238101711114
0.30729952087660933,40.320621259399616,3.2158231899763545,domestic,0,0.12953270904775266
0.8128621188389601,26.390612411982936,35.60856262173184,domestic,0,0.823830544272895
0.6296288419236122,81.07286564282312,285.64399433999677,foreign,0,0.02011558095814933
-0.8289950109220723,69.28369979507886,84.09243883383577,domestic,1,0.9399482687896402
-0.5601810401969696,54.837614480782506,47.754103830993685,foreign,0,0.12327382152160478
0.7472936051232618,59.982719584386814,18.282441654349263,domestic,0,0.08084871432686554
0.6103702654334648,74.72816004450374,48.89445714095118,foreign,0,0.13872576685779042
-0.020901593964148132,30.560926719816884,37.43737779397671,domestic,0,0.13948219234626658
0.117327383308782,99.67005244510678,27.763558065834786,domestic,0,0.9160837737153205
1.277664895788425,97.73138459321048,7.003946293017256,domestic,1,0.8150588610209426
-0.5915713888358299,68.52931177122431,108.84355299060238,foreign,1,0.021473831940905685
0.5470973811700379,27.958820583623062,29.87227648963911,domestic,0,0.15126460352894716
-0.20219265243389406,71.22054181881622,10.82220910307068,domestic,1,0.14305953995608447
-0.2176812032272203,16.497856808125825,22.92425916914676,foreign,0,0.0466189843915505
1.09877685198719,12.758725198522546,26.7328467310067,foreign,1,0.9051766244196155
0.8254163489880298,33.19145996600923,87.87888755452667,domestic,1,0.8787346439353664
0.8135096360006385,51.636066106538465,66.14051614296392,foreign,0,0.19543533944601058
1.305478807154329,88.14452548675425,73.33291630850958,foreign,1,0.09411161315231567
0.02100384163275905,75.44521627896772,0.5546280010766932,domestic,0,0.7803586315321849
0.6819529712949639,76.84358690799829,26.90590132204877,domestic,0,0.2864011317765624
-0.31026675659345604,48.29440010032678,32.82573605190803,domestic,1,0.8259357350226457
0.3241663524884421,41.13414932922666,0.968941973322315,domestic,0,0.2791981455128919
-0.13014305436768459,43.393488668614246,15.042635201091315,domestic,0,0.2297675004395627
0.09699596499271819,98.88846073624521,71.4162340857189,domestic,0,0.8826301425900257
0.5951570254369136,13.609827227123423,7.373385866694464,domestic,1,0.8862025149087588
-0.8182206832334725,88.03283465102037,38.31925226324291,domestic,0,0.03796643517353858
2.0923872756854602,62.080786771515406,12.116437803844688,domestic,0,0.8665419823867533
-1.006017381499702,49.47538772706314,0.609741512438881,foreign,1,0.9195324851511418
-1.2141886127877322,75.27318943736229,13.800948092514966,foreign,1,0.9209832669813394
1.1581108735000678,53.80020472822326,186.2227511571439,domestic,0,0.13519674218713568
0.7916626939629359,88.60809142734945,80.85765789807736,foreign,0,0.8004355459982653
0.6241198170521551,91.06316776101326,160.41737750956167,domestic,0,0.23583824382128094
0.6283455092642799,47.95488341861099,33.457281205558395,domestic,0,0.3391097995695489
-0.012246772846914623,34.914501751154646,5.811872709759625,domestic,0,0.0871211173892014
-0.8972543714858315,63.3115295734026,39.699173850084726,domestic,1,0.739516431747698
0.07580455819372633,92.11270110550218,30.291381554346426,foreign,0,0.9385571813042113
-0.6771617115121117,28.95959701050999,93.00954436999046,domestic,0,0.20129493299288562
0.9751197334177512,66.06699252071346,5.161615804331191,domestic,0,0.99
-0.14705738150213865,66.84041980832686,33.49508678149231,domestic,1,0.08995176819350281
-0.8254971967925115,75.98017201737528,8.128809185896223,domestic,0,0.9164567880396871
-0.32138584165299344,21.841091661453383,19.628129750685222,domestic,1,0.06861408737620764
0.41293145427562433,74.42424682138797,66.84799390123955,domestic,0,0.7207706838978619
-0.5637245528039747,91.81292685990769,32.31490966458089,domestic,0,0.6871575325745701
-0.8222203955664315,26.171479798321776,23.57129482107963,foreign,0,0.10603542912731359
0.2436872114919123,31.378899243148986,25.08307700792891,foreign,0,0.21876703095838415
0.24496657110872277,97.42555846374756,30.75810804584616,domestic,0,0.0947690699089059
-0.5069431753711298,26.28792574385408,76.8597100947232,foreign,0,0.1503274406140365
-0.4710383056183228,86.89465840326213,111.32042581618732,domestic,0,0.8105501742080182
0.2320499373576363,54.30500708032313,155.42790315111498,domestic,1,0.9654905602775051
-1.4480843414973241,32.25079669628593,77.30048152278488,domestic,0,0.04947944845765949
-1.4074637743765552,88.36749111452603,18.946531280202564,domestic,1,0.9150564149398381
-0.718444221252436,50.077472950239894,58.259196734051024,foreign,0,0.893416351838138
-0.21344715171184725,56.333561853672116,28.777374668244693,domestic,0,0.06689121681704956
0.3109075655980046,42.33100324597891,14.696452012448885,domestic,0,0.1608574872438399
1.475356216949552,63.36557662914347,91.90218630952891,domestic,0,0.16319281147412457
0.8576596232020194,24.717148532652047,1.9592058371878027,domestic,0,0.09445136234132959
-0.1599385299634271,45.197338298658465,116.01810465201861,foreign,0,0.17639835687654856
-0.01901620790268883,97.24710901017588,30.94629674196398,domestic,0,0.06318795787537615
-1.0025293646378088,33.23200894310148,50.69538156672787,domestic,0,0.7839671576016836
-0.01851313599238993,69.1062998087163,53.84556178581311,domestic,0,0.99
-0.2886586389201383,39.267105780222536,112.74584490295103,domestic,1,0.9495743664589429
0.3227185603380895,79.61258131179406,50.62214460021356,domestic,1,0.7419140507033583
-0.827230943552323,21.778629464651484,47.5872932055436,domestic,1,0.044203363460514414
0.5193465142411723,97.28389405706902,3.4488600390952704,domestic,1,0.8885492849374793
1.5327389130025777,50.841058724527535,36.532902099460905,domestic,0,0.19378118379023734
-0.1087601484568576,31.244541701181756,8.135888687831075,foreign,0,0.7583569425600863
0.40171172209894146,16.614707259701138,66.86259595713724,foreign,1,0.7409301900223073
0.6901439917111125,25.27821145787867,35.894736616271416,domestic,0,0.8316160295539845
-0.40122047188583626,56.77965537004159,57.007317333575415,domestic,0,0.0818874852591749
0.22409248181041677,40.33028587881577,2.128305970817718,domestic,0,0.16401691351268097
0.01259240078179486,84.59950292943485,4.4301967334239265,foreign,0,0.38882072020827285
0.09767609854883172,48.779877129562536,62.99601899914633,domestic,0,0.1834138958787029
-0.7730097838554665,32.384284532886696,3.740721481731317,domestic,1,0.2177597670151567
0.024510174258942714,65.5430487943627,3.696146343450604,domestic,0,0.8639854215047021
0.49799829124544975,73.60994951969013,0.6091190004897985,domestic,0,0.16317241242868552
1.4511436077950417,25.033771711085485,156.75132431098945,domestic,1,0.11884787655758414
0.9592708260852069,25.08572946594859,66.87680215078305,domestic,0,0.9772723923923614
2.1531824575115563,13.300428424018868,21.78988178668496,domestic,0,0.7617581235623602
-0.7673475628880495,76.27618135590765,17.58689906150494,domestic,0,0.1787216122044751
0.8723206367206782,69.74240748596246,21.516322533344002,domestic,1,0.7709752932329584
0.18334200573835174,52.71677881748325,74.50580998658252,domestic,1,0.8927822836644007
2.1898029332176723,85.97534040722775,54.14245088142516,domestic,0,0.06703859444897868
-0.8082982853551515,82.51031376550479,10.240357755499982,domestic,1,0.20950525588003668
-0.8397218421807761,62.6818927957077,9.564644072751095,domestic,0,0.15896839574596136
-0.5993926454440222,88.14441524619328,5.178974559716974,domestic,1,0.9895711338606945
-2.123895724309807,28.52570890330914,53.98502050167564,foreign,1,0.7932336116200662
-0.525755021680761,20.072765745795508,72.27518996118579,domestic,1,0.04931960714597326
-0.759132661553698,34.277465036529065,15.397397477679513,domestic,0,0.8326386359660504
0.15039378647620763,15.137817048038336,1.0583709225807563,domestic,1,0.12532137692353446
0.34175597577715944,57.80525752009288,4.2872453728468045,domestic,1,0.3441373189076418
1.8761708392158862,94.29451230654654,171.88275014186715,domestic,0,0.8846367860288556
0.9504238381860503,13.540918660165868,17.509428265181267,domestic,1,0.739790599939661
-0.5769036556624031,20.989892260902412,73.31520216520101,domestic,0,0.10481807966632462
-0.898414671348358,50.697912545509176,48.9966252744019,foreign,1,0.8590040572006583
0.4919191715065057,94.04875157751144,24.05845779146629,domestic,0,0.1856028691292952
-1.3202332070206422,38.45404944790755,11.513900947795177,foreign,1,0.023121335020963363
1.8314587658543537,55.65113278195532,6.470504452855058,foreign,0,0.01
1.179440120721287,13.741557314535289,47.72728142397403,domestic,0,0.23687413570582377
-0.4691756521047048,23.350888086587997,74.50142791704589,foreign,0,0.23441750810648343
-1.7131345290908775,98.79671106629623,51.62778167818545,domestic,0,0.01
1.3538723741654128,96.86068267924409,37.78328138432362,foreign,0,0.8502700405277729
-0.11453984525261789,10.444598284096866,2.142829365455452,domestic,0,0.1939103075055165
1.2378163119734618,95.6630606880915,172.8705764876777,domestic,0,0.32753610175694226
