income,credit_score,account_id,gender,is_default,pred_prob
57450.71229516849,323.8768930701505,ACC_00000,Female,1,0.9338819844241674
47926.03548243223,648.2332565767123,ACC_00001,Male,1,0.9395250680330862
59715.32807151039,823.2718382136613,ACC_00002,Female,1,0.8216335423237736
72845.44784612038,630.8865010804822,ACC_00003,Male,0,0.4189173597803632
46487.69937914996,750.5538726847346,ACC_00004,Male,0,0.46840649038544335
46487.945645762295,786.3135548416243,ACC_00005,Female,0,0.3821854852697608
73688.19223261088,425.44387457191283,ACC_00006,Female,0,0.37127265119330605
61511.52093729363,416.62466194952464,ACC_00007,Male,1,0.8790068269456841
42957.88421097572,636.0395438680455,ACC_00008,Male,1,0.8247562003585437
58138.40065378947,526.0656583936876,ACC_00009,Male,0,0.40629919772244555
43048.734607813065,761.9237165766962,ACC_00010,Male,1,0.8514982720048625
43014.05369644615,795.0127178689061,ACC_00011,Male,0,0.15985134164386505
53629.43407349051,494.38175861649495,ACC_00012,Male,0,0.1707988310608901
21300.79633013303,430.2788074359651,ACC_00013,Male,0,0.11010032989092616
24126.23251230451,729.289033384124,ACC_00014,Female,1,0.8636599599511021
41565.68706138541,451.14331955147486,ACC_00015,Male,0,0.17215993299578647
34807.53319498364,752.4378751825232,ACC_00016,Male,1,0.8255804134591483
54713.709988929106,533.0560395068196,ACC_00017,Male,1,0.8710058999125986
36379.638867181835,667.1524446103087,ACC_00018,Female,0,0.15403533131933705
28815.44447997063,352.5444226090675,ACC_00019,Female,0,0.11844051152783097
71984.7315338233,643.1226285721152,ACC_00020,Male,1,0.8641394348241838
46613.355492701965,548.4722233054761,ACC_00021,Female,0,0.135464462832339
51012.92307031886,622.6346547465107,ACC_00022,Male,1,0.8848532637007194
28628.77720679815,392.40781425967486,ACC_00023,Male,1,0.8380416809965481
41834.25913212226,705.2805597193002,ACC_00024,Male,0,0.085511720911747
51663.83884564799,774.5383926487757,ACC_00025,Male,0,0.16334934927638253
32735.09633866546,419.2068900499266,ACC_00026,Female,1,0.8614701623915717
55635.47027518508,352.64300553608894,ACC_00027,Female,1,0.7959431443601169
40990.419651217926,313.001222325485,ACC_00028,Male,0,0.18752680577176528
45624.593753100846,653.0843252437962,ACC_00029,Female,0,0.18491104180677395
40974.40081655905,633.9017198488294,ACC_00030,Female,0,0.10650099037625457
77784.17276763407,600.6835769927385,ACC_00031,Male,1,0.8170186849470044
49797.541628930994,427.5709028637865,ACC_00032,Male,1,0.8428996193485236
34134.3360656615,514.9982977480331,ACC_00033,Male,1,0.8120573934481181
62338.173681547836,626.9619843523951,ACC_00034,Male,0,0.1820198592455839
31687.345250434668,573.2217723725432,ACC_00035,Male,0,0.1574485974663605
53132.95392507133,843.282036118188,ACC_00036,Male,1,0.7953221427055882
20604.948141803365,375.0418639062032,ACC_00037,Male,0,0.10887645435753548
30077.209266523543,682.3295047261765,ACC_00038,Female,0,0.20938595885832006
52952.91853803685,522.3753224573607,ACC_00039,Female,0,0.22677811889577076
61076.99869993116,535.5097882090881,ACC_00040,Female,1,0.8769364488026254
52570.524217849554,694.6787711119969,ACC_00041,Male,1,0.8394362372424843
48265.27576417639,680.8398832284033,ACC_00042,Female,0,0.12800185437967115
45483.444566160666,845.1907965362036,ACC_00043,Female,0,0.17748497091555027
27822.17014448859,370.6168591997689,ACC_00044,Female,1,0.8537960267129743
39202.33687407937,357.2603071612915,ACC_00045,Male,1,0.7694964276292812
43090.41843560319,698.3863494208076,ACC_00046,Female,0,0.2015933991267415
65856.83339328374,618.112804353525,ACC_00047,Male,0,0.21729016336814344
55154.27434352692,450.78836660789324,ACC_00048,Male,0,0.18686262664715989
23554.39766955899,343.6806529439426,ACC_00049,Male,1,0.7954194402685896
54861.25954092192,347.1120372780368,ACC_00050,Female,0,0.11815867751383301
44223.76579375525,791.8049810652651,ACC_00051,Male,0,0.05711400693211442
39846.169995410615,405.5270285953086,ACC_00052,Female,1,0.9298024245697778
59175.14433261302,477.8543591635364,ACC_00053,Female,1,0.8321630718370486
65464.99283743926,424.6610212248434,ACC_00054,Male,0,0.2666644660824891
63969.20178674298,495.2479682075655,ACC_00055,Female,1,0.9477615015453889
37411.73715166042,338.18311351035135,ACC_00056,Male,0,0.10482867918155281
45361.81436223178,585.4828849995488,ACC_00057,Female,0,0.11458661302984932
54968.95147105346,337.1869099757182,ACC_00058,Male,0,0.17330951711735598
64633.17690683539,740.1960793022988,ACC_00059,Male,1,0.7622728948066865
42812.38643232065,428.54164505073817,ACC_00060,Female,0,0.12808704413107191
47215.115350042746,597.0065530324808,ACC_00061,Female,1,0.8230920499396636
33404.97538990958,784.0434981588021,ACC_00062,Female,1,0.9425582970973354
32056.90063878994,657.9825529759569,ACC_00063,Female,1,0.8580508942752227
62187.88733591297,593.1267826032345,ACC_00064,Female,1,0.8357616511231402
70343.60042856235,478.38356421345657,ACC_00065,Female,1,0.8184257633657349
48919.848176294996,483.15105218200887,ACC_00066,Female,0,0.1947024798662397
65052.99346838036,668.2178253590046,ACC_00067,Female,0,0.12516445880347957
55424.54037571451,846.7766486716422,ACC_00068,Male,1,0.8474858512818749
40323.203680923136,664.0115544171583,ACC_00069,Female,0,0.11804382387640178
55420.934082626205,606.7808795535136,ACC_00070,Male,1,0.7741231433992303
73070.54849698953,701.8577806315853,ACC_00071,Female,1,0.8001982436148668
49462.60941335073,555.863086756045,ACC_00072,Female,0,0.12490141463176532
73469.6548372101,333.0782884304319,ACC_00073,Female,1,0.8368372584868186
10703.823438653832,609.2632487328503,ACC_00074,Female,0,0.13902880370382464
62328.53756562836,826.6939064779591,ACC_00075,Female,0,0.1455540149740619
51305.706023572566,396.4166182967128,ACC_00076,Male,0,0.12556561849244954
45514.88974301199,679.5026899513662,ACC_00077,Female,0,0.2174563174084203
51376.41164803253,410.5135287624811,ACC_00078,Male,1,0.8973992059928491
20186.46628098661,594.7052264601947,ACC_00079,Male,1,0.8432445366404581
46704.92168243732,353.1720473056958,ACC_00080,Male,1,0.8627129139870497
55356.6885726762,547.7040149420018,ACC_00081,Male,0,0.13139558792735223
72168.41067112274,715.8898308923854,ACC_00082,Male,0,0.01
42225.94672589529,491.16433833144015,ACC_00083,Female,1,0.8510246506463012
37872.595956602185,665.7014484679698,ACC_00084,Male,0,0.16528071806256078
42473.64434623195,737.497478434351,ACC_00085,Male,1,0.7693669120979886
63731.03176553111,809.9478007136989,ACC_00086,Male,1,0.8749705534597301
54931.266644895266,429.0531450204994,ACC_00087,Male,1,0.8359711661027596
42053.59694349442,519.6237536951195,ACC_00088,Female,1,0.8668966860317331
57699.01149670034,383.8288073317296,ACC_00089,Male,0,0.1374800676314957
51456.16324022061,845.8659261871064,ACC_00090,Male,1,0.9125477237113424
64529.674857993334,809.8505323583624,ACC_00091,Male,0,0.16131144102920433
39469.203591839716,596.9764216543078,ACC_00092,Male,1,0.9001208229336003
45085.067801033474,763.1183119070317,ACC_00093,Male,0,0.20423630710874724
44118.377703017635,586.5268874996232,ACC_00094,Male,1,0.7940222136955795
28047.275778018222,642.9721284015179,ACC_00095,Female,1,0.8130491564989426
54441.80415596864,349.01843766380915,ACC_00096,Female,0,0.1725805341363128
53915.82908269834,715.3987312732444,ACC_00097,Male,0,0.13172313581209139
50076.70184963691,370.24241599937915,ACC_00098,Female,1,0.8380696615371852
46481.1929993728,754.3371966388906,ACC_00099,Male,0,0.2143282411085305
28769.438869243786,730.1154482187122,ACC_00100,Male,0,0.1344816810903965
43690.320158519615,689.809583758637,ACC_00101,Female,0,0.10155353258757088
44859.282252098456,319.8882092886192,ACC_00102,Male,0,0.10830999991822027
37965.84096167571,466.7205957699307,ACC_00103,Female,1,0.959117825059635
47580.71432500986,444.7119134509636,ACC_00104,Male,0,0.14108902598073814
56060.762852218075,498.07502410933546,ACC_00105,Male,0,0.08178761223910447
78292.78851815795,348.2035107201112,ACC_00106,Male,0,0.06152707023417027
52618.66719247759,815.3268026670845,ACC_00107,Female,0,0.11876816786629432
53863.25586084147,604.5912323918069,ACC_00108,Female,0,0.1401738940286308
48883.311263507494,468.03837086191294,ACC_00109,Female,0,0.1974586853213836
21218.431770514377,518.3398343908559,ACC_00110,Male,0,0.19261725832308835
49602.291868261746,545.9613972776597,ACC_00111,Male,0,0.14968267894635823
50903.4531491154,630.3268833483395,ACC_00112,Male,1,0.8272915706920205
86948.6316872793,583.6236852330737,ACC_00113,Male,0,0.1669800926710845
47114.58552828316,805.6655852679296,ACC_00114,Female,1,0.7625626961931806
54523.210135004185,573.3299155982066,ACC_00115,Male,0,0.24905404469646086
49479.32345442135,845.686908152822,ACC_00116,Female,0,0.18270527979283055
32469.82943570702,768.2837267598027,ACC_00117,Female,1,0.8933495109864136
67142.34221772531,414.6807828965347,ACC_00118,Male,0,0.09629233090616945
61278.99549030161,811.827368054154,ACC_00119,Female,1,0.9141324320648297
61865.47920564571,364.0015188370119,ACC_00120,Male,1,0.8269991419486852
36359.18817807891,749.5973396701554,ACC_00121,Male,0,0.10237209385907182
71041.91466404148,509.34281141211903,ACC_00122,Male,1,0.848041381469689
28972.234058115788,782.8858762447883,ACC_00123,Female,1,0.8468722457005813
58802.85640700405,777.4311795590977,ACC_00124,Male,0,0.09607314637440015
82856.83438714968,743.2589700646917,ACC_00125,Male,0,0.10525313232293174
35141.955123039676,734.5167399688837,ACC_00126,Male,0,0.10133841123359749
41505.53405595842,467.57352650392244,ACC_00127,Male,1,0.8018142466071587
51494.77047631462,344.5056056781887,ACC_00128,Female,1,0.83059510464502
42447.86518825701,521.6390983208388,ACC_00129,Female,1,0.7805507431913771
26740.04853400801,395.43848324257976,ACC_00130,Male,1,0.8154312751293031
51028.44462209041,682.2230988963539,ACC_00131,Male,0,0.20225672741921347
34065.44429410843,490.35484959578207,ACC_00132,Female,0,0.1911654726052092
57103.88645952773,836.5856104729532,ACC_00133,Male,1,0.7975060379553622
36208.63648649295,652.5346425399326,ACC_00134,Female,0,0.19791024586471168
73249.01607526309,752.3643099988985,ACC_00135,Male,1,0.7516780365431975
38251.20061495644,372.88857000801664,ACC_00136,Male,0,0.2714572161006077
45169.07725691487,774.1079652499425,ACC_00137,Male,0,0.2150156596067796
62202.758260545044,807.516454782367,ACC_00138,Male,1,0.8220134043929946
31537.03525349067,567.8840553504148,ACC_00139,Female,1,0.8691213280867555
53411.899019061944,633.4391157630375,ACC_00140,Male,0,0.07995403359454355
69607.14131423642,720.6453904966475,ACC_00141,Female,1,0.8530221394962907
25887.75148158159,396.1612449932269,ACC_00142,Female,0,0.14081684837487665
52769.507877984564,576.4113420548933,ACC_00143,Male,1,0.8082618305303801
53898.24191372635,519.2646652747721,ACC_00144,Female,1,0.8265721256837071
61727.34307665966,380.50569568923703,ACC_00145,Male,1,0.8216506262095287
31445.73933682877,502.1439322603423,ACC_00146,Male,1,0.7934131640341182
30193.150803735854,337.49477016202144,ACC_00147,Female,0,0.10709263770516683
57829.12348425346,314.19654882221784,ACC_00148,Male,0,0.07790777870001436
54454.77009849779,374.3414590351525,ACC_00149,Female,1,0.8928665382780309
53757.39275518815,829.7133113740456,ACC_00150,Male,0,0.10339436267718655
55196.72314245463,602.2412447422594,ACC_00151,Female,1,0.7888989564214923
39799.62917632264,831.202188634271,ACC_00152,Female,0,0.19207523399079984
53483.80545741505,537.8738330815726,ACC_00153,Female,1,0.8684810177169665
54396.08709948022,471.49887319689276,ACC_00154,Female,1,0.8902250527974479
39284.72872960448,578.3780245621342,ACC_00155,Female,1,0.8958041612098327
77986.61766717135,541.7314287481006,ACC_00156,Female,0,0.2468727448469212
57107.49381367681,358.11557634395916,ACC_00157,Female,1,0.8421980116653408
32130.44754196027,652.4544730796134,ACC_00158,Male,0,0.07711961605022462
59848.30412950744,418.82100038027977,ACC_00159,Male,0,0.16355189003810627
35379.77494659018,640.7733751938063,ACC_00160,Male,1,0.816549768856009
61806.26905613678,657.6106008189844,ACC_00161,Female,1,0.802124735834223
67378.93368511106,383.6136692207565,ACC_00162,Male,1,0.854996258610862
37689.76522472434,333.7422949108675,ACC_00163,Male,0,0.1932876366504795
64450.64193866483,729.4188723376419,ACC_00164,Male,0,0.10820025792018582
56191.71390404747,552.8902330731261,ACC_00165,Female,0,0.21371940436658593
62330.90239991735,331.9900875280117,ACC_00166,Female,0,0.1005193020498592
78451.89473980921,847.176474443372,ACC_00167,Male,0,0.13780483893372683
46319.17825995694,331.77930854800167,ACC_00168,Male,1,0.8693153940890433
38693.95753463766,682.2693758722043,ACC_00169,Female,0,0.13060503956579708
36657.28355561715,841.0234088948774,ACC_00170,Male,1,0.7611998830530731
37762.845725518426,431.5490573187591,ACC_00171,Male,1,0.8963703745894402
48843.47435878844,378.23715277795793,ACC_00172,Female,1,0.8188267829821986
55117.279622249654,366.7617166823359,ACC_00173,Female,1,0.8872449224696846
54150.36198995029,466.8013311621776,ACC_00174,Male,1,0.7867927932486168
62407.74873554036,355.57519605585566,ACC_00175,Female,0,0.09532817089517939
50195.02837816861,680.6887379317725,ACC_00176,Female,0,0.19312167047776785
71803.01115735975,334.26048897153447,ACC_00177,Male,0,0.16702540463710117
46030.147501430656,580.1821704823843,ACC_00178,Female,0,0.12807071446576618
90802.53749884429,848.1832696191373,ACC_00179,Female,1,0.8677515799085419
59385.01021647509,747.6836482283104,ACC_00180,Female,0,0.10229804322278209
37142.63665375576,638.370691027056,ACC_00181,Female,1,0.8555129558744454
33936.612529083315,468.43949143263643,ACC_00182,Male,1,0.8564276961695032
57237.08622864778,643.1427099604011,ACC_00183,Male,0,0.13131091974044856
46648.05822011224,589.8728051514083,ACC_00184,Male,1,0.8082357147204621
60710.007411381375,534.3458611397043,ACC_00185,Male,0,0.15351242891073968
57098.56436860317,371.8907072071097,ACC_00186,Male,0,0.14725094283495507
48907.56631014691,787.6323183822567,ACC_00187,Female,1,0.8267088960540195
37298.094228973925,547.3815568517274,ACC_00188,Female,0,0.0983092764909625
27277.291629712032,407.0423815014208,ACC_00189,Female,1,0.8506238524667733
43302.275718994686,502.2676429825093,ACC_00190,Female,0,0.1268338817581697
62845.981914852084,527.7713638909099,ACC_00191,Female,0,0.09826711897815332
53211.40616195306,755.1458425617809,ACC_00192,Male,1,0.8521764905379056
31313.91831932018,703.4879093087711,ACC_00193,Male,0,0.2304152736027693
52597.71388776773,723.1176915027369,ACC_00194,Male,0,0.1316586167046461
55779.76069593255,306.067195435756,ACC_00195,Female,0,0.22488882706210112
36742.138456983004,528.8846989988688,ACC_00196,Male,1,0.9557165857365048
52305.87658918292,564.739283399428,ACC_00197,Female,0,0.10232905488111624
50873.13077669,310.5557522526812,ACC_00198,Male,0,0.15045221040994822
32855.44553254065,442.8972648097688,ACC_00199,Female,0,0.2551865958908155
55366.81040522425,718.1594027171743,ACC_00200,Female,0,0.1439460019295478
58411.76789552352,375.4103381509495,ACC_00201,Female,1,0.8518406072882699
66245.76864762916,594.4205722989254,ACC_00202,Female,1,0.7664997262812554
65807.03078052355,418.3610296094806,ACC_00203,Female,0,0.12341690498401661
29334.959480643633,306.6664260541413,ACC_00204,Female,1,0.8777794342334468
35932.62440127316,432.6608016797478,ACC_00205,Female,0,0.2714641321475625
57725.529008129895,836.7305652005296,ACC_00206,Female,1,0.8401996583264154
57706.78926368313,740.8454115356443,ACC_00207,Female,1,0.7668686838874322
57725.715294590715,827.7671543765683,ACC_00208,Male,0,0.07973754046133455
107790.97235982082,568.3197241594994,ACC_00209,Male,1,0.8482105157030851
58563.35766039751,360.3549092726269,ACC_00210,Female,1,0.9088603399026124
67033.48460270898,601.3777189355311,ACC_00211,Male,0,0.18186768414376978
64310.02645239804,549.9075340079785,ACC_00212,Male,0,0.1730127931755063
59770.868769586974,764.3963955067888,ACC_00213,Female,0,0.2154572193458798
45270.96133039481,353.9454194313345,ACC_00214,Female,1,0.8139885456240524
61384.53830739901,568.532625361978,ACC_00215,Female,1,0.8509547359978783
38407.621781936425,382.52676558169134,ACC_00216,Male,1,0.8239808939898802
46447.72089889987,478.57175978953296,ACC_00217,Male,1,0.8364272132273963
42719.54678256345,705.5463925632898,ACC_00218,Male,1,0.7996865322837258
51228.112090794835,561.8099711528216,ACC_00219,Male,1,0.8328011964283102
84719.87850010264,506.73855683017314,ACC_00220,Male,1,0.84861422168773
21991.02211112378,516.9619532135195,ACC_00221,Male,0,0.13142642500692248
60293.9028556177,552.6957226232927,ACC_00222,Female,0,0.1419469248493099
25809.261932155227,731.7590991103813,ACC_00223,Female,1,0.8702520271718593
42921.0220131585,790.6465789171289,ACC_00224,Male,0,0.21193478845321995
66334.25895451049,825.4340775771606,ACC_00225,Male,1,0.9155577934056298
50964.200286431944,732.7968624404123,ACC_00226,Male,0,0.18807108836984962
33833.82833106041,473.473792661407,ACC_00227,Male,0,0.0870009260780842
39270.444361100475,678.4740883475981,ACC_00228,Female,1,0.8319795007215073
60193.96623402014,540.6817182304655,ACC_00229,Male,0,0.13628574846436992
39044.50052424295,440.06884212532816,ACC_00230,Male,0,0.11714250846057178
53246.878843729624,762.4793686842575,ACC_00231,Male,0,0.16711755895148034
50683.5775985572,321.13449192927874,ACC_00232,Male,1,0.7702835753359271
40225.99478591274,795.969095674483,ACC_00233,Female,0,0.23467832347641457
82159.16133987988,553.8126055436038,ACC_00234,Female,1,0.9097610335760857
59508.78533477017,650.4608122445543,ACC_00235,Female,0,0.1739101130950879
19622.861200135892,662.6446572131805,ACC_00236,Male,1,0.8468945335039908
52796.814721541414,792.314757388595,ACC_00237,Female,1,0.9114419647536276
40073.20302847418,650.168325191964,ACC_00238,Female,0,0.18447024683901336
62786.50002194336,637.663471618034,ACC_00239,Female,0,0.20533188921090462
38112.188923509486,336.65862230837945,ACC_00240,Male,0,0.147047395887008
48278.95337799651,585.1244120698623,ACC_00241,Male,1,0.9394656542932084
57574.80918470686,382.5929504493729,ACC_00242,Female,0,0.20834439378449282
62986.327912551824,705.5885727968171,ACC_00243,Female,0,0.17547681477179655
31995.553894163357,581.722056446971,ACC_00244,Male,0,0.21279864602155774
44982.481462385775,674.1252785645943,ACC_00245,Male,0,0.1290419029083014
42875.82033258566,322.92009533131136,ACC_00246,Male,0,0.09162498203264866
40200.06151139432,346.63560882519175,ACC_00247,Female,1,0.8660775256523737
76481.81360421646,693.9778634344752,ACC_00248,Male,1,0.8471454777093266
56074.725664414334,339.6463847992703,ACC_00249,Female,0,0.14011413288611854
31086.740684974324,339.19120027089224,ACC_00250,Male,0,0.21081560196747015
63767.92920582164,306.6596613791881,ACC_00251,Female,0,0.1583569606605315
81832.3429551895,826.0757690647141,ACC_00252,Female,1,0.8631784536767741
65486.97890826721,705.6295977024538,ACC_00253,Male,1,0.8336473720622952
27209.4505106898,494.2882746761353,ACC_00254,Female,1,0.8940561569639762
42736.48890700623,463.0945697082104,ACC_00255,Male,1,0.8850937890653959
69003.66723779934,492.33677636021724,ACC_00256,Female,0,0.19368298384471466
39384.958015718286,726.0594421496501,ACC_00257,Female,1,0.825136801668191
56657.291422193426,663.7538360887279,ACC_00258,Male,1,0.9152044230023497
61619.510801440054,401.85756232710736,ACC_00259,Female,0,0.24193842118831865
36096.04292632875,395.7601344337464,ACC_00260,Female,1,0.8921019198662352
49107.119659072996,354.1176073423685,ACC_00261,Male,0,0.10953558563778545
1380.9898989639114,663.166495835736,ACC_00262,Female,1,0.8098898857881899
34634.185379985654,720.4049642219547,ACC_00263,Female,0,0.1312311522203456
46211.4777291026,445.7755355787522,ACC_00264,Female,0,0.12178113929907394
31283.252270527257,311.51972856700206,ACC_00265,Male,1,0.8464453687156367
74486.16955897454,345.194417112035,ACC_00266,Male,0,0.1816221233183924
28547.87933059051,832.3230191647667,ACC_00267,Male,0,0.1644976220374924
43399.332699545244,462.49462761258116,ACC_00268,Female,0,0.16011445281931444
51961.10865929137,723.0727313109735,ACC_00269,Male,1,0.8379398625099928
71619.09933599173,643.5649628698451,ACC_00270,Female,0,0.14630770364177254
28462.06773230841,510.06680180909274,ACC_00271,Male,0,0.18982877537645007
67447.45628232439,413.1279942075553,ACC_00272,Female,1,0.7494020986250092
50153.4959152938,366.76252998767353,ACC_00273,Male,1,0.8494304795760634
35277.37023428074,638.2571324213766,ACC_00274,Male,0,0.16439937974636626
56931.55211394906,726.0485793507834,ACC_00275,Male,1,0.8891791534273646
52985.895433602054,654.1473394476218,ACC_00276,Male,1,0.7994977030358088
40996.74684261808,591.666173287037,ACC_00277,Female,1,0.796854515877344
51047.031274850284,323.07317288739995,ACC_00278,Female,0,0.17919774974390668
44220.2960470736,832.6688276769111,ACC_00279,Female,0,0.05477738798715419
51702.76017876872,739.292805410016,ACC_00280,Female,0,0.21660945553803929
59931.9601178157,461.0521201855306,ACC_00281,Female,0,0.16132959957464052
73790.25224218029,838.9836811473679,ACC_00282,Female,0,0.22793606064217184
31432.767517597265,631.0348742999772,ACC_00283,Female,0,0.09564638117152435
81995.500619844,620.3324620139856,ACC_00284,Female,1,0.8281820265640879
20718.68300716247,711.4402486862427,ACC_00285,Male,0,0.029606583653655705
47723.22357446625,746.4733834495756,ACC_00286,Female,0,0.11021551185023618
58824.75809726865,661.0632340323265,ACC_00287,Male,1,0.840807655963906
54214.87801602549,370.45266050141004,ACC_00288,Female,0,0.051864620999578157
40659.50720269109,486.0471282969741,ACC_00289,Female,0,0.13026865939008003
46878.16624464087,810.4460021793274,ACC_00290,Male,1,0.7506329911569878
42604.985980117504,423.53858651411855,ACC_00291,Male,0,0.13712699075442872
41159.52864583683,504.6918631106323,ACC_00292,Female,1,0.9073555963554119
62744.03145531537,537.6422856193078,ACC_00293,Female,1,0.8482510124942938
55355.23228947571,541.6727443319487,ACC_00294,Male,0,0.23291036863059014
39606.35607109019,637.1167703719891,ACC_00295,Female,1,0.8893146281697305
63493.99813149876,818.6917107595892,ACC_00296,Female,0,0.21740739243034857
54609.49281314914,432.38099150787775,ACC_00297,Male,0,0.11175273795608581
62192.931782584405,366.8257569655049,ACC_00298,Female,0,0.11054291858036988
59444.432628854185,408.6087694229655,ACC_00299,Female,0,0.16728067081926842
37565.07483616892,787.8086951150982,ACC_00300,Male,1,0.771114895418357
41597.284397045456,655.1959469603632,ACC_00301,Female,0,0.1735571874881045
61209.40407684893,457.24873408153803,ACC_00302,Female,0,0.1338040091726535
59155.55398150197,748.7708164327395,ACC_00303,Male,0,0.21649984187733284
49686.47609053778,773.7534979998898,ACC_00304,Male,0,0.18397561270397053
51759.91074963173,765.5828862796529,ACC_00305,Male,0,0.20483532151700634
69164.97343682637,805.4095935017549,ACC_00306,Female,0,0.11228969593024762
41126.42916746255,438.73256109534884,ACC_00307,Female,1,0.9024105134380864
58206.460717550566,715.273060810453,ACC_00308,Female,0,0.22223562471821412
46967.110213491585,553.296723500777,ACC_00309,Female,0,0.14806430883098295
46734.78195159169,763.0992040895338,ACC_00310,Female,0,0.11303246903167558
66481.65277980786,700.6698724388873,ACC_00311,Male,0,0.11391063993827952
62381.245234820446,727.0460955748486,ACC_00312,Male,1,0.9119506496007982
62202.644540009576,660.8890107245893,ACC_00313,Male,0,0.28421728712116556
69582.18210731493,397.58582320833875,ACC_00314,Male,0,0.10091774649123889
50315.05762449138,599.764805393316,ACC_00315,Female,0,0.09707399749787199
60229.294569424455,841.5683567384796,ACC_00316,Female,1,0.8960707090337239
45345.99865109816,815.5634365734154,ACC_00317,Male,1,0.8123043235316677
54862.49528732663,323.74555468835644,ACC_00318,Female,0,0.2009177692114135
48047.85418448473,390.6481486511904,ACC_00319,Female,1,0.8732673086763323
51454.93947489077,372.4508254000091,ACC_00320,Male,1,0.8488011348751018
58927.3553815537,699.2889504919126,ACC_00321,Male,1,0.8720635767260844
37726.689751497914,749.7819314213198,ACC_00322,Male,1,0.8690099184576697
81385.8091352819,417.43125147086954,ACC_00323,Male,0,0.14101967511069122
34909.73927750447,578.218981123506,ACC_00324,Female,0,0.062181948418075256
31787.17080818402,762.38666540616,ACC_00325,Male,0,0.15893253642945174
67371.66310250101,703.0408496214378,ACC_00326,Male,0,0.22865301830320822
61874.94040944404,598.2304630205165,ACC_00327,Male,1,0.7695615668397738
59361.79725578232,624.6912297523252,ACC_00328,Female,0,0.10171074899305275
59425.1826389642,579.598300803954,ACC_00329,Male,0,0.17134134873830054
49816.29840729628,463.6516482253513,ACC_00330,Male,1,0.851929593136614
36541.18442771253,610.7620960724589,ACC_00331,Male,0,0.17055910797921445
51137.068372905895,678.8869161275499,ACC_00332,Male,0,0.11503408960861689
39842.574327318325,780.3276037234442,ACC_00333,Male,0,0.2081229143296153
64626.796001266266,649.9602446885865,ACC_00334,Female,0,0.15234502828451055
47794.13927746792,718.6168453737369,ACC_00335,Male,1,0.8848492761171528
37617.54204811233,388.03939922501513,ACC_00336,Male,0,0.1660138705485548
45179.2123752051,553.8566109308845,ACC_00337,Female,0,0.15877474839804961
56193.97181413436,305.1323909049013,ACC_00338,Male,0,0.1813416828514065
41544.13170794038,435.67337548689267,ACC_00339,Male,0,0.15932439769834753
37666.69406650353,699.5539433121527,ACC_00340,Male,1,0.7904900485952244
53655.30817237868,845.4954732421498,ACC_00341,Female,0,0.2043678412857982
53674.49856663084,354.54795477296875,ACC_00342,Male,0,0.19090636431240918
42395.85236943305,520.8218737237086,ACC_00343,Female,1,0.7446574804321094
42934.425415725156,740.0390327845378,ACC_00344,Female,1,0.8172899857562161
53480.74906036454,412.21959904589437,ACC_00345,Male,0,0.20211802312464033
28278.734877540137,605.2967221162575,ACC_00346,Female,0,0.058653572676108295
28888.043384351673,703.1892128163211,ACC_00347,Male,1,0.8971783440950372
39223.33668121346,638.7919976430985,ACC_00348,Male,1,0.8429388732172874
46798.292724322295,403.41360403847887,ACC_00349,Female,0,0.21701412851669954
54663.61348397007,495.4615127771567,ACC_00350,Female,1,0.8499426605462268
72130.34325424329,731.0854814669685,ACC_00351,Female,0,0.11389660035021862
62864.89434803029,604.8245827726091,ACC_00352,Male,0,0.165404283037957
47600.922050548594,302.876287448602,ACC_00353,Male,0,0.14848072552450067
49714.75688145967,718.5449180154517,ACC_00354,Female,0,0.10945744329296596
34962.05953043287,319.4212452171315,ACC_00355,Male,1,0.9609171741505693
49722.30296011415,710.1535805021776,ACC_00356,Male,0,0.10144509092078426
45670.120416197926,411.36430809088057,ACC_00357,Male,0,0.03785223124701029
54840.778405071345,826.9404140656591,ACC_00358,Male,1,0.9290849484060746
37591.53584671515,502.3674132161465,ACC_00359,Female,0,0.12082182638420368
57790.197713617585,479.81238898594347,ACC_00360,Male,0,0.13516133695171523
72991.08369503866,381.88842768284456,ACC_00361,Female,0,0.13210469676854827
48368.597773147136,468.0823185196182,ACC_00362,Male,0,0.1215174282920837
56025.67583148412,782.1579190055104,ACC_00363,Female,0,0.11169037643682769
60352.159875666686,847.983885694986,ACC_00364,Male,1,0.8001591348751518
43981.692921712456,502.57024177876656,ACC_00365,Male,0,0.1532379880852283
53361.38722715625,546.7358470249984,ACC_00366,Male,0,0.12990062211621822
50188.88601172692,697.1390160115054,ACC_00367,Male,1,0.8865181095166973
51465.14147823248,787.407679255791,ACC_00368,Male,1,0.8741347025808077
38404.853242168,626.1743838027312,ACC_00369,Female,0,0.10362439032372978
50367.652613884144,515.3391339978061,ACC_00370,Female,0,0.15542606380361781
57469.974368681746,526.9420124667431,ACC_00371,Male,0,0.12910808379393232
71767.15411692562,682.5899805732438,ACC_00372,Male,0,0.10041697786831671
64389.0623912781,301.7700449823533,ACC_00373,Male,0,0.18447157852575663
82297.73686267334,640.7741356029123,ACC_00374,Female,0,0.14393373603458176
38489.78655667926,495.5211557427466,ACC_00375,Female,1,0.829622498991476
63084.80955081017,736.8085322023963,ACC_00376,Female,0,0.10722163817883604
52750.130086075274,351.1448519027227,ACC_00377,Male,1,0.7986031619463331
82847.04399826509,623.5112468216148,ACC_00378,Male,0,0.2494384011957273
37875.525719672725,564.535089437368,ACC_00379,Male,1,0.8667059324814999
37404.17236728836,653.2790392478751,ACC_00380,Female,1,0.7954435481398592
41009.11031833967,335.6694769656326,ACC_00381,Female,1,0.8643932949161406
18141.564135352895,618.9910830854722,ACC_00382,Female,0,0.20310080883977688
42113.674674788585,608.8165233777381,ACC_00383,Female,0,0.15837588062650212
38613.01007669453,608.363051928894,ACC_00384,Male,0,0.2187010671066562
52255.906797143114,631.9182166280501,ACC_00385,Female,1,0.7728593428965016
55126.339636657394,672.0573654744992,ACC_00386,Male,0,0.05043389763098946
78142.56258823829,742.7439498244233,ACC_00387,Female,0,0.16302587109268765
64256.35757279075,448.4013960705179,ACC_00388,Male,0,0.16382480716869416
41346.44516506395,753.7771755990341,ACC_00389,Male,0,0.01
36523.77992977463,574.0406252448995,ACC_00390,Female,0,0.11882119543989923
57378.78757259758,342.3820535238821,ACC_00391,Female,0,0.09956688428082723
30196.501894690366,332.2030110841886,ACC_00392,Female,1,0.7804026879648421
77471.8814878153,483.83107528283347,ACC_00393,Male,1,0.7994479117695095
67691.60181081931,731.6933374113071,ACC_00394,Female,1,0.8797893900799679
42962.365218429426,689.2245141075036,ACC_00395,Male,0,0.09912974893551457
24302.98206363684,733.7382305698236,ACC_00396,Female,1,0.8008438932709079
70308.0856124812,584.4979810428852,ACC_00397,Male,1,0.769059734557116
48281.902321210735,542.1094488755198,ACC_00398,Female,1,0.9134454821257912
68567.24467960192,381.09888968845615,ACC_00399,Female,1,0.8717316182735317
26083.585118084495,480.50601448512134,ACC_00400,Female,0,0.025382189854854936
41009.374655693406,538.7106513956314,ACC_00401,Male,1,0.8008879960388406
50078.65549577275,348.7302363237895,ACC_00402,Male,0,0.1764258942197463
50704.70890647113,421.3365739911662,ACC_00403,Female,0,0.21406962744914182
43249.01792781134,629.0239117350563,ACC_00404,Male,0,0.19204193796833283
59342.748985212485,704.6147128315545,ACC_00405,Female,1,0.8322158544871057
33985.69355926108,849.0911312661223,ACC_00406,Male,1,0.753431156960348
47864.3077246806,813.2123322389567,ACC_00407,Male,1,0.8935124496955655
51804.434475678485,653.4108597443553,ACC_00408,Female,1,0.8351551574339747
57716.582510881235,531.6864293117396,ACC_00409,Female,0,0.15344310073075348
60674.223171333346,649.897550589528,ACC_00410,Female,0,0.14112897808957514
33130.36862243196,732.1083899441276,ACC_00411,Female,0,0.0822235250211866
26988.287438965664,365.08490500786303,ACC_00412,Male,0,0.16821251061114945
69165.15232847763,525.4476893329586,ACC_00413,Female,0,0.16132295155567233
54984.71017969387,761.8912570995894,ACC_00414,Male,0,0.12871055785426008
38772.701951651696,511.1081235631742,ACC_00415,Female,0,0.17355528999312436
73267.27963283785,614.5297491749526,ACC_00416,Female,1,0.7813000226288347
51735.11951439288,623.2731484742089,ACC_00417,Male,0,0.13654986120584456
67689.45776095739,401.46193922350164,ACC_00418,Female,1,0.8513063736467894
51012.777221151635,499.22949290875863,ACC_00419,Female,1,0.7632536183932469
80911.21887322981,483.98120880806266,ACC_00420,Male,0,0.14714516945819733
76330.11263664806,314.40818969263563,ACC_00421,Female,0,0.1866822573340648
46265.5377728139,313.3054701402454,ACC_00422,Male,0,0.1348384537978566
64573.56426431533,757.4333740216754,ACC_00423,Male,0,0.14829425487428277
59680.639243777216,450.1889454850468,ACC_00424,Male,1,0.8781172019617083
70529.47336298523,584.9433214313485,ACC_00425,Male,0,0.13060999455668637
35526.14809129843,464.2990654738252,ACC_00426,Female,0,0.13511013002278555
60290.77189997659,817.3735848134373,ACC_00427,Female,0,0.09116482427337663
65876.36730274382,442.61321737617556,ACC_00428,Female,1,0.8492531611339618
23618.907703653287,536.3112470064143,ACC_00429,Female,1,0.833257575819761
32251.122310013372,780.0016377665311,ACC_00430,Male,1,0.8749544897526661
19411.51733359849,763.0634617354947,ACC_00431,Male,0,0.17817299770916195
45958.89748333163,402.35577981545254,ACC_00432,Male,1,0.889560451950644
60763.133836939436,741.4538203876407,ACC_00433,Male,1,0.8245869824552434
72535.35578144042,552.002787705841,ACC_00434,Female,1,0.7411709457187942
51111.42170629663,565.6328796469454,ACC_00435,Male,1,0.8870819873232387
74429.23318356938,373.41398482876906,ACC_00436,Male,0,0.17155604820487047
29298.47812677663,344.33083256641856,ACC_00437,Male,1,0.8182354197656955
24449.26340967268,700.3666188355709,ACC_00438,Female,1,0.8777470099783669
49166.78451655072,573.0536337954148,ACC_00439,Female,0,0.07757050987418791
55760.98173408961,540.2678864383488,ACC_00440,Female,0,0.20151201064351376
49509.578778588606,701.2295257588182,ACC_00441,Female,1,0.8333187724102975
18988.36849940185,721.0320944451104,ACC_00442,Female,0,0.10855361934975521
48663.19940730817,387.3994922181445,ACC_00443,Female,0,0.1189149221880556
30432.957492427202,635.6238322127027,ACC_00444,Male,1,0.8384257506999894
60045.08823245058,374.44474525272705,ACC_00445,Female,0,0.14939939633502683
55498.973691452724,713.2562973159752,ACC_00446,Female,0,0.15241401401997035
35901.80320508967,661.3253359469268,ACC_00447,Female,0,0.1285196278020938
42291.9962399496,826.1380415959019,ACC_00448,Female,0,0.16001197867307396
34111.79717166573,337.92690899603167,ACC_00449,Male,0,0.15041396371667168
49059.813540902425,331.38009663318985,ACC_00450,Female,0,0.11762135022128004
64327.134807518574,455.2028910812601,ACC_00451,Female,1,0.8100904687789368
35214.10930496684,443.9381260547483,ACC_00452,Male,0,0.18041827714474187
57560.697732767665,435.8383394895999,ACC_00453,Female,1,0.8762163017998953
42046.13572441339,798.4400192865702,ACC_00454,Male,1,0.8528568177580631
38106.907516064835,437.25040991722835,ACC_00455,Female,0,0.19620977329951006
48394.544600681635,449.572349370747,ACC_00456,Female,1,0.7519336171916182
34471.365163709386,717.6690443298801,ACC_00457,Male,0,0.12178026792466484
41695.26041979227,547.356913347797,ACC_00458,Female,0,0.09218414438326777
32031.831611167272,727.1908063253497,ACC_00459,Male,0,0.26281361325689256
79470.87699374584,335.9513866604119,ACC_00460,Female,1,0.8856609910197993
50528.95327957593,568.1641565203613,ACC_00461,Male,0,0.1460469008170862
39504.117380111216,318.48748010080544,ACC_00462,Female,0,0.18924952894230782
53209.69866101333,334.459261900445,ACC_00463,Male,1,0.9058137831877557
48315.07925463755,798.5405993394261,ACC_00464,Female,0,0.20528158457620355
46685.45600700165,376.5849541146773,ACC_00465,Male,0,0.19608517425501765
59212.50050065138,592.8313752513694,ACC_00466,Female,0,0.1368729838358969
61362.61565070957,526.1025814303886,ACC_00467,Female,1,0.8249317290258024
42042.48278584209,491.03882944236346,ACC_00468,Female,1,0.8018905410009657
41362.7263903298,794.9083401279998,ACC_00469,Female,0,0.17512236333645037
45874.22454272534,312.00286822651924,ACC_00470,Female,0,0.14205321323356093
15471.18252896623,665.084327396574,ACC_00471,Male,0,0.12907644847414018
27272.134067021718,829.8669388174527,ACC_00472,Male,1,0.8264669319136099
70503.11401166787,608.0925009040131,ACC_00473,Male,0,0.22250963153173442
74674.51570251926,815.2523541182005,ACC_00474,Female,0,0.19763402064208357
46264.45940665432,328.7418336073131,ACC_00475,Female,0,0.24151969280640828
58648.35444583649,530.3363254907888,ACC_00476,Male,0,0.17645081499460544
54668.75231815304,443.0867850291281,ACC_00477,Female,0,0.1528477220127449
96183.21212682856,701.9515307394014,ACC_00478,Female,0,0.14872987746275376
66793.62367151865,839.7133997734857,ACC_00479,Female,0,0.09898492263692635
48081.2361277885,441.0915343443363,ACC_00480,Male,1,0.78692905041243
35666.89339099362,659.796030810741,ACC_00481,Male,0,0.17536705109464373
25903.30519613641,408.95369801785705,ACC_00482,Female,1,0.8032660644758373
53051.954538008344,610.9316400143855,ACC_00483,Female,0,0.16057288769336178
38654.73882073545,555.1628676785849,ACC_00484,Male,1,0.9057733341547606
28666.19435603489,834.6029312973454,ACC_00485,Female,1,0.8167273033484551
40301.4067363621,634.6899999830566,ACC_00486,Female,0,0.2505240817295789
33776.779945784074,492.22850464775036,ACC_00487,Female,0,0.10046524395279502
75307.12452608848,362.75268168836334,ACC_00488,Female,1,0.8995097378244923
63224.59635424176,383.185755804214,ACC_00489,Male,0,0.17123780905661812
49880.41038025074,423.9243114731793,ACC_00490,Male,1,0.9097047624973076
72199.16208335038,438.03166373716385,ACC_00491,Female,0,0.09419011943201551
51160.524614714275,767.8388318126258,ACC_00492,Male,1,0.9653510458476805
37080.73698007604,608.6725335553888,ACC_00493,Male,0,0.14106124581085472
72846.86115904486,587.8650012559015,ACC_00494,Male,1,0.8838323969649641
58083.65065526988,363.12287952806963,ACC_00495,Male,1,0.9222243744473251
34441.30768510315,773.0768313421893,ACC_00496,Male,1,0.8197668966252392
47144.91982874588,697.547866764666,ACC_00497,Male,0,0.1912863181473589
36865.726199228644,337.2175990450009,ACC_00498,Male,1,0.8114265177389254
29258.00403553496,689.3093034763727,ACC_00499,Male,0,0.21984807902289194
63892.66321297462,598.9460195384554,ACC_00500,Female,1,0.8119909634385633
78641.24960705196,344.94894016072806,ACC_00501,Female,0,0.15192534912478795
29021.486392712883,552.0653528407611,ACC_00502,Female,1,0.865306035050598
58444.538550358564,566.5829579215258,ACC_00503,Male,0,0.18921498848613078
40240.361463172594,391.1759970898017,ACC_00504,Male,1,0.9484238154213273
42693.11924352956,820.1339808501552,ACC_00505,Female,1,0.8274015505192756
41114.09113641696,767.486454314364,ACC_00506,Female,1,0.9069367387136803
37040.138454802756,667.9622855310096,ACC_00507,Male,0,0.24851292243170686
50727.82441917241,554.262558550334,ACC_00508,Male,0,0.15828666804324587
37535.748253834434,526.4710478714796,ACC_00509,Female,1,0.8224933624939854
54056.85238669758,658.0354069330248,ACC_00510,Male,0,0.06349831302823541
49246.42835826294,599.987528173798,ACC_00511,Male,0,0.2441637883705531
46415.77929700386,334.25020823503706,ACC_00512,Female,1,0.8377777835037818
36386.545069376036,581.8764568236825,ACC_00513,Male,1,0.7999320750384724
41348.43004147501,743.5219894780616,ACC_00514,Male,0,0.08208349578951185
61330.86838738634,552.5819326783269,ACC_00515,Male,1,0.799839290480498
57513.75781436571,328.5761176548476,ACC_00516,Female,1,0.8959852646613582
35336.67132802174,732.4530096612182,ACC_00517,Male,0,0.20289342638373692
51489.98458143839,410.7500801747859,ACC_00518,Male,1,0.8826060935727768
61270.80685057683,442.24145918842135,ACC_00519,Male,0,0.1566168913676682
24958.920783179423,390.58849438776275,ACC_00520,Female,0,0.0877239705249332
58150.402885699026,481.61828567932366,ACC_00521,Male,0,0.11350295270489762
40060.643615812296,716.2133281287493,ACC_00522,Female,0,0.09466902946593622
58558.98002889739,585.6622227271655,ACC_00523,Male,1,0.8786410502763132
38551.11265186225,412.6847007828919,ACC_00524,Female,0,0.09683437605691478
22926.768490032213,782.8065429836224,ACC_00525,Female,0,0.11428769444732037
25586.86343175256,783.7700202233411,ACC_00526,Male,0,0.14082563785007465
50721.27419992073,778.8181337753037,ACC_00527,Male,0,0.06650999234518264
53895.83752582223,431.33791625984657,ACC_00528,Male,0,0.1523385715420423
36435.25062343387,548.1816392995435,ACC_00529,Male,0,0.14464235594822317
59578.88688166061,841.7443108774813,ACC_00530,Female,0,0.20921045729808455
25077.1990659656,724.6068619704947,ACC_00531,Male,1,0.8090067227483124
49008.80302029025,314.9420816740579,ACC_00532,Male,0,0.0850402240843832
31834.75700356315,335.86252519327064,ACC_00533,Male,0,0.13129701752043577
40222.45838296761,555.162257246783,ACC_00534,Female,0,0.0950954353281992
50710.98006974621,800.0711132238581,ACC_00535,Male,1,0.8519577295906562
37093.799520740715,596.2859888739929,ACC_00536,Male,0,0.05700325690866968
44231.66683655262,573.7968794188596,ACC_00537,Male,0,0.11973272983113592
65094.39213821661,358.0105349761468,ACC_00538,Female,0,0.103581416508889
41346.62195715277,661.2290575983618,ACC_00539,Female,1,0.8783878538543034
62535.38168097712,752.156738330124,ACC_00540,Male,0,0.10947176451873172
33054.397180135726,509.23100412915926,ACC_00541,Male,1,0.763195212070075
57947.06266872924,726.5865180089302,ACC_00542,Male,0,0.13990899515327257
71623.5293098685,830.4621596454464,ACC_00543,Male,0,0.16599430701372545
12925.332498090662,412.07155252022903,ACC_00544,Female,1,0.8364397403369637
38046.57116794285,587.8312971571077,ACC_00545,Female,0,0.1194338610390446
58656.081907708096,457.92587694651655,ACC_00546,Male,1,0.8164218949707869
46954.31920935511,736.0699304686116,ACC_00547,Female,1,0.8556474016221016
55567.188100569634,617.6763512346366,ACC_00548,Male,1,0.8055275625380226
40940.22219926269,649.020329652667,ACC_00549,Female,0,0.1335758514294733
51298.8468120935,738.8527877887418,ACC_00550,Female,1,0.8875223285443686
47664.84146911881,517.7837599643502,ACC_00551,Male,0,0.08493384605471772
67516.73092489711,803.2995376238738,ACC_00552,Female,1,0.8478166490129864
53816.31264951819,593.165876985377,ACC_00553,Male,1,0.7605505293601498
55064.039931128034,386.8751525594414,ACC_00554,Male,1,0.8613964835004976
43821.84550816299,682.7445149928413,ACC_00555,Male,0,0.10105953946004693
42685.906638912595,736.29374274104,ACC_00556,Male,0,0.20097959065153975
43511.627182705684,474.2189223871396,ACC_00557,Female,0,0.07615263451773255
55916.78213567445,771.4485913493141,ACC_00558,Female,1,0.8721039518400504
43685.232787696055,798.3787901211715,ACC_00559,Female,0,0.21105655392632466
54346.62285344619,452.2974680577949,ACC_00560,Female,0,0.09846552992897656
81131.01197968159,840.9368099933721,ACC_00561,Female,1,0.806905753550253
63066.87055147538,377.3913404268171,ACC_00562,Male,0,0.10279021778117012
45109.647017482384,411.1086176213695,ACC_00563,Male,0,0.12570686557978478
68018.20883245918,401.3236615809144,ACC_00564,Male,0,0.1758710899594733
43878.86940467673,791.6943405043287,ACC_00565,Female,0,0.12162475330564382
19428.13197233219,659.860903778729,ACC_00566,Female,0,0.09395208873968214
34878.70533623894,383.65735577225007,ACC_00567,Male,0,0.049062314670835466
21938.121184612166,542.1778801025919,ACC_00568,Female,0,0.2300973753256198
44727.297739380374,638.413913788391,ACC_00569,Female,0,0.2340247815207324
50276.27568784328,345.9052467441608,ACC_00570,Female,1,0.8780118519744228
75146.55968412924,785.3290026240363,ACC_00571,Male,0,0.10948081527875075
54903.910606462436,741.9819444928444,ACC_00572,Male,0,0.18738510575658232
46713.49206786704,577.863725467151,ACC_00573,Male,1,0.8974353458746533
62441.083717752335,831.9196383925438,ACC_00574,Male,0,0.1372875934293633
16832.970364881723,529.7685386013048,ACC_00575,Male,0,0.1520684271999445
53534.21837162849,841.2606754700738,ACC_00576,Female,1,0.9115884114744746
61562.9779083045,667.3559993419949,ACC_00577,Male,1,0.7679769321471795
27821.206313302377,649.0692002896678,ACC_00578,Female,1,0.8999211411561087
67156.31064810394,391.27519241268175,ACC_00579,Male,1,0.8345423094321743
55077.44611241621,785.0602670675542,ACC_00580,Female,1,0.7943710848994474
43770.681291487985,535.1193283563383,ACC_00581,Male,0,0.09848467633528304
59491.72799159427,389.22837318036363,ACC_00582,Female,1,0.8067638932740455
84060.39286706594,306.93413598666746,ACC_00583,Female,0,0.08949646399493984
52727.99382587743,607.8656260011104,ACC_00584,Male,1,0.9385694487194508
53723.30879450504,590.069792167472,ACC_00585,Male,0,0.17456014692505006
43109.58650689634,695.6444923030372,ACC_00586,Female,0,0.2032241376804284
37252.33445802813,789.6419291597912,ACC_00587,Male,0,0.17811841458083388
62455.03724816369,343.67362155366624,ACC_00588,Male,1,0.8530613804235087
37158.74261136699,702.3230696871992,ACC_00589,Male,0,0.1537377661682816
51073.49355829089,403.0765692536702,ACC_00590,Male,1,0.8301243680545068
42835.13829852325,771.9973792364401,ACC_00591,Female,1,0.8342108811779915
57184.697386195876,750.4849326239109,ACC_00592,Male,0,0.07959483130935541
55004.931579304226,597.4365652420495,ACC_00593,Female,1,0.9040913075520132
65563.0991638685,690.6335392428214,ACC_00594,Female,1,0.7593383356998478
42349.75401717879,472.8925622510616,ACC_00595,Female,1,0.79706947047354
45951.87597059943,559.142344413048,ACC_00596,Female,0,0.25060170654803055
35318.54426326539,751.9002937407595,ACC_00597,Female,0,0.15680864415324133
43335.60109885833,552.5958584452676,ACC_00598,Male,0,0.15888552225150993
55659.50739567279,496.789045928993,ACC_00599,Female,0,0.18186692738838645
