transaction_amount,user_age,num_failed_logins,account_balance,device_trust_score,is_foreign_ip,is_fraud,pred_prob
147.3,64,0,3160.1,86.3,0,1,0.1215
91.09,29,0,5850.06,77.1,0,0,0.2074
103.22,33,1,1252.21,43.2,1,0,0.3526
139.6,41,1,1444.47,89.2,1,1,0.3853
16.93,36,0,7145.52,72.6,0,0,0.065
175.15,25,0,6843.9,93.3,0,0,0.05
121.17,48,0,6084.03,56.5,0,1,0.1528
86.81,38,0,4719.92,66.4,0,0,0.1679
214.46,34,0,0.0,95.6,0,0,0.1984
119.47,40,0,4312.81,70.3,0,0,0.1296
26.4,54,1,5635.46,55.0,0,0,0.2066
58.36,71,0,3163.17,62.6,0,0,0.1726
69.72,33,0,2718.76,44.8,1,0,0.166
10.4,23,0,8111.05,81.7,0,0,0.071
298.84,25,0,4349.28,83.1,0,0,0.0772
18.07,42,0,5636.99,65.5,0,0,0.101
118.58,35,0,6435.33,73.2,0,0,0.0972
72.04,42,0,1996.41,85.5,0,0,0.1161
7.47,29,0,4983.02,82.6,0,0,0.1001
250.76,32,0,7799.11,40.9,1,0,0.1057
186.4,43,0,9048.06,60.5,0,0,0.1133
75.57,58,1,4599.84,69.4,0,0,0.1967
29.7,62,1,3905.14,56.0,0,0,0.1755
17.32,43,0,5172.56,84.2,0,0,0.0848
47.9,64,1,5109.09,53.8,0,0,0.2764
33.02,49,1,7966.9,35.0,1,1,0.443
72.13,27,0,2009.02,58.7,0,0,0.1613
327.38,33,1,3800.32,59.0,0,0,0.2354
86.28,24,0,1707.15,80.3,0,0,0.1156
214.63,34,0,1969.76,29.1,0,0,0.1276
104.97,40,0,5441.44,49.1,0,1,0.2811
66.26,43,1,6524.64,77.1,0,0,0.1824
188.19,38,0,2876.52,63.8,0,0,0.0963
65.56,39,0,6430.24,77.5,0,1,0.2401
197.82,24,0,7278.95,98.6,0,0,0.3064
37.75,31,0,9336.76,68.9,0,0,0.1522
18.1,32,0,4674.37,84.8,1,0,0.0772
188.65,70,0,2900.59,77.2,0,0,0.1004
89.1,24,1,1993.82,80.9,1,1,0.5507
213.91,26,0,1745.52,55.4,0,0,0.1262
268.89,68,1,7624.45,51.6,0,0,0.2933
10.24,65,0,712.26,74.5,1,0,0.1567
71.03,25,0,7544.37,63.7,0,0,0.0912
49.64,67,0,2328.9,34.0,0,1,0.306
98.4,40,0,2786.98,67.1,0,0,0.1015
154.9,46,1,4121.11,68.5,0,0,0.2516
36.29,35,0,2740.86,64.3,0,0,0.0964
82.3,48,1,6829.95,55.4,0,0,0.2851
122.18,47,0,9033.36,93.1,0,0,0.0625
18.71,69,0,2856.42,50.1,0,0,0.1749
164.82,56,1,3419.41,79.1,0,1,0.3714
93.51,52,1,4091.7,80.2,0,0,0.2344
288.72,35,0,5852.64,37.4,1,1,0.3256
44.41,59,0,4116.29,42.8,0,0,0.1748
15.87,56,0,7968.14,41.5,0,1,0.274
72.09,34,1,7366.56,19.3,1,0,0.2774
13.52,31,0,1536.34,38.0,0,0,0.119
336.64,48,2,5802.42,57.0,0,1,0.6398
8.75,41,0,8300.85,87.7,0,0,0.0656
138.04,52,0,3263.05,69.8,0,0,0.1062
75.74,61,2,3764.34,56.4,0,0,0.4083
48.69,62,1,3179.91,70.5,0,0,0.2405
11.47,51,0,3232.31,83.8,1,0,0.176
97.46,20,0,328.87,64.2,0,0,0.1683
88.6,54,1,1179.21,25.2,0,0,0.285
36.32,60,1,4693.68,52.5,0,0,0.2971
233.99,57,1,8283.99,78.6,0,0,0.2191
39.44,43,0,2966.6,56.5,1,0,0.1656
61.75,72,0,2893.11,65.8,0,0,0.1118
79.55,40,0,8753.8,92.9,0,0,0.126
15.03,61,0,1729.36,54.6,0,0,0.1516
260.61,56,1,346.89,83.4,0,0,0.2159
49.58,32,0,2428.71,75.2,0,0,0.0796
13.0,73,0,2843.04,65.8,0,0,0.1708
51.54,66,0,131.37,74.6,0,0,0.1239
92.1,21,0,4179.9,77.4,0,1,0.1716
73.48,46,0,6871.12,72.3,0,0,0.1196
117.66,39,1,1285.11,72.5,0,0,0.1859
10.42,42,2,4718.95,64.1,0,0,0.3511
36.81,30,1,5489.84,76.8,0,0,0.1481
167.5,35,1,4291.54,64.7,0,0,0.2543
12.91,50,2,4964.23,35.4,0,1,0.711
188.77,33,1,4993.32,89.0,0,0,0.1595
14.16,62,0,2468.18,45.7,0,0,0.247
175.86,59,0,8246.46,89.8,0,0,0.0614
47.51,61,0,7619.39,66.3,0,0,0.0727
94.99,19,1,7474.78,75.4,0,1,0.4359
20.76,72,1,7034.19,86.0,0,0,0.2175
11.5,52,1,562.55,90.5,0,1,0.3953
28.11,59,2,6815.16,92.4,0,1,0.4571
18.0,51,0,6139.0,75.9,0,0,0.0645
40.58,47,1,658.69,64.8,0,1,0.4928
73.62,72,0,3962.72,55.8,0,0,0.1593
89.41,30,0,5191.98,84.3,1,0,0.11
153.2,30,0,8660.79,82.0,0,0,0.1005
106.44,35,0,6311.81,69.0,0,0,0.078
94.15,49,0,2338.59,81.6,0,1,0.1161
55.41,49,0,8738.47,70.1,0,0,0.0609
66.0,52,0,4609.45,76.3,0,0,0.0883
55.86,56,1,3860.4,77.6,0,0,0.1453
180.39,63,1,3682.2,60.5,0,0,0.1981
29.83,69,0,441.11,65.8,0,0,0.2047
5.55,46,0,4225.58,90.1,1,0,0.1037
105.09,66,0,5743.71,59.2,0,1,0.1517
26.49,46,0,3536.54,78.9,0,0,0.2111
214.79,70,0,5551.13,45.8,1,0,0.1419
191.14,61,0,2339.02,85.1,1,0,0.1215
12.58,74,0,4147.68,84.7,1,1,0.1483
15.69,33,0,5291.35,84.7,0,0,0.0562
69.94,73,0,4974.15,91.7,1,0,0.0866
94.26,61,0,486.34,61.9,0,0,0.1956
35.54,64,1,3402.49,77.1,0,0,0.203
124.85,74,0,8693.66,70.4,0,0,0.1283
90.85,27,1,3268.88,38.9,0,1,0.448
42.31,47,2,4539.52,81.2,0,0,0.2262
7.44,42,0,4283.11,40.4,1,1,0.2884
136.76,56,0,8420.6,71.2,0,0,0.1718
27.97,37,0,7725.92,81.3,0,0,0.0599
175.87,22,0,6518.83,48.7,0,0,0.3149
56.8,18,1,2066.89,89.4,0,1,0.4256
86.75,47,0,5397.96,85.1,0,0,0.1437
201.0,66,2,5919.85,61.4,0,0,0.3403
194.27,20,0,2753.49,42.6,0,0,0.1191
49.12,62,0,2323.71,81.8,0,0,0.1004
27.26,31,0,8762.54,86.3,0,0,0.0514
146.77,73,0,3747.99,69.2,0,0,0.1295
58.92,47,0,8537.44,69.1,0,0,0.1135
25.26,67,1,6992.73,72.4,0,0,0.1863
228.05,21,0,5519.69,52.7,0,0,0.0991
25.97,35,0,5631.33,83.2,0,0,0.1181
7.48,54,0,998.95,48.5,0,1,0.2402
6.95,42,1,5016.94,54.7,0,1,0.2182
97.5,65,1,8042.55,50.6,0,1,0.2948
107.96,18,0,6203.35,85.2,0,0,0.0562
40.39,70,0,4885.84,68.4,0,0,0.1839
41.64,63,0,8779.84,69.2,0,0,0.0476
44.4,32,0,4037.4,52.2,1,0,0.1262
113.29,26,1,2951.11,74.4,0,1,0.5606
10.69,32,0,4884.58,66.0,0,0,0.0888
256.44,66,0,6416.17,92.9,0,0,0.1446
28.91,74,0,205.51,56.1,0,0,0.2811
767.49,41,0,5212.17,66.9,0,0,0.0737
22.88,21,3,6525.86,51.7,1,1,0.6528
145.26,29,0,3825.9,89.3,0,0,0.1161
29.02,54,0,7267.41,82.2,0,0,0.0684
13.01,54,0,6102.97,91.6,0,0,0.0609
202.5,60,1,9853.46,88.4,0,0,0.2647
190.94,23,0,2623.49,68.1,0,0,0.1156
54.1,56,0,6576.77,86.6,0,0,0.0645
120.14,73,0,1956.69,63.1,1,0,0.1415
82.36,63,1,461.58,40.7,0,0,0.3758
187.12,41,0,0.0,89.8,1,0,0.1721
40.95,28,0,5845.81,73.3,1,0,0.053
75.46,30,0,4960.62,76.1,0,0,0.1062
68.11,51,2,3302.37,56.2,0,1,0.725
46.5,42,1,66.24,86.5,0,0,0.2159
215.96,24,1,2774.03,79.7,0,0,0.4764
22.23,69,0,4510.23,84.5,0,0,0.13
20.38,21,1,6482.92,66.6,0,0,0.215
86.72,25,1,4458.66,53.1,0,0,0.3734
106.79,37,0,5130.15,38.8,0,0,0.1195
25.56,46,0,3559.67,52.4,0,0,0.1598
52.07,71,1,8873.06,82.3,0,0,0.2912
283.28,70,0,1954.38,98.0,0,1,0.2479
31.9,68,0,2751.9,48.1,0,1,0.2063
109.85,62,0,3269.1,92.1,0,0,0.1534
133.03,63,0,5856.76,86.5,0,0,0.0684
61.47,27,1,1902.85,35.7,0,0,0.1828
268.44,60,1,4839.3,87.2,0,0,0.1824
131.76,51,0,4912.28,83.1,1,0,0.1067
63.17,74,1,2764.11,76.6,0,1,0.7253
85.03,43,0,5324.95,64.8,0,0,0.1009
117.07,58,0,1980.47,51.4,0,0,0.1779
90.21,66,2,1707.31,96.4,0,1,0.4878
205.4,20,0,4749.01,79.5,0,0,0.1295
46.94,73,0,350.61,49.4,0,1,0.3324
38.87,23,1,0.0,81.1,0,1,0.4516
27.86,22,0,5832.08,54.6,0,0,0.1002
8.66,22,0,7122.42,72.5,0,0,0.1901
9.18,71,0,3332.99,62.7,0,0,0.136
198.86,64,0,2829.82,40.6,0,0,0.2155
112.77,40,1,7013.84,60.1,1,1,0.2843
107.64,66,0,1636.15,36.4,0,0,0.2312
95.59,26,0,1091.57,80.7,0,0,0.2773
184.73,52,1,6269.09,90.8,1,0,0.1915
67.17,37,1,4522.6,81.4,0,1,0.2664
199.12,66,0,7162.19,38.6,1,0,0.2249
47.31,59,0,0.0,86.5,0,0,0.105
253.26,52,0,998.32,83.0,0,0,0.1481
118.95,67,0,4535.83,65.5,0,1,0.1186
33.24,35,1,5544.18,47.6,1,0,0.1557
83.88,34,0,6617.49,72.7,0,0,0.2168
77.34,41,0,4937.04,87.2,0,0,0.1967
19.1,20,2,4911.64,57.3,0,1,0.7259
89.99,49,1,3526.5,66.0,0,0,0.2093
40.91,52,0,8477.26,89.0,0,0,0.0858
10.11,55,1,1742.44,94.0,0,0,0.3224
287.07,30,0,5397.55,45.8,1,1,0.3037
102.45,73,0,2030.48,84.3,0,0,0.1617
204.02,64,0,5836.95,77.4,0,0,0.1193
112.08,42,1,1907.46,53.4,0,1,0.4121
46.95,26,0,6359.54,51.6,1,0,0.0991
73.29,21,0,4780.26,85.3,1,0,0.0729
111.99,31,0,8861.6,80.8,0,0,0.1383
311.39,54,0,3797.45,69.9,0,1,0.1231
32.8,51,1,5562.42,83.8,0,0,0.1824
202.53,28,0,2550.86,85.5,0,0,0.0796
249.91,58,0,3780.27,75.9,0,0,0.1366
110.44,73,1,4764.37,76.0,0,0,0.2586
259.36,20,0,681.95,72.9,0,0,0.1275
53.19,45,2,955.94,77.3,0,1,0.5727
295.51,46,1,5999.65,77.5,0,0,0.2865
120.26,26,1,4134.78,88.3,0,0,0.2927
9.08,20,1,3017.68,48.5,0,0,0.2772
230.51,42,1,2657.53,90.5,0,1,0.4193
67.94,51,0,2753.78,41.6,1,0,0.198
63.6,29,0,4781.38,79.7,0,0,0.0772
84.4,59,2,5612.59,81.2,0,1,0.5889
20.37,26,0,0.0,88.0,0,1,0.1456
65.16,32,0,8032.09,87.5,0,1,0.2464
173.97,57,1,7854.25,27.8,0,0,0.3477
6.48,42,0,0.0,79.5,0,0,0.1207
35.28,22,0,7214.82,42.6,0,0,0.0986
5.23,28,1,7138.05,73.6,0,1,0.2705
56.05,51,0,4501.11,18.4,0,1,0.2356
128.8,41,0,1257.08,83.5,0,1,0.2447
157.32,32,0,7038.07,66.4,0,0,0.179
280.87,55,0,3896.92,66.2,0,0,0.1167
94.09,25,0,5872.2,48.2,0,1,0.3149
32.92,22,1,10048.0,74.3,0,0,0.3396
250.0,65,0,5129.59,49.3,0,0,0.1496
146.84,43,1,2207.79,79.8,0,0,0.3604
86.16,35,0,3660.67,59.6,0,1,0.1505
118.01,23,0,2526.39,46.6,0,0,0.1429
250.21,54,0,5583.72,88.0,0,0,0.0873
123.39,65,2,2484.83,57.6,0,1,0.6171
48.65,30,0,3317.87,83.5,0,0,0.0843
123.6,45,1,1288.92,76.7,0,0,0.1798
8.91,22,0,4169.78,59.7,0,0,0.1531
51.4,30,1,4941.89,42.9,1,0,0.1712
54.53,34,0,0.0,62.8,0,1,0.4128
22.34,67,0,5148.93,51.4,0,1,0.3289
7.22,57,1,4385.75,65.4,0,1,0.306
18.6,62,0,2587.52,70.2,0,0,0.1215
106.0,49,1,9571.57,70.4,0,1,0.3094
158.99,46,1,6896.19,60.9,0,0,0.306
426.8,68,1,1758.99,88.5,0,0,0.2323
45.39,20,0,6595.59,47.1,0,1,0.4291
91.9,73,0,7611.25,89.0,0,0,0.1802
267.86,57,0,4830.05,93.4,0,0,0.1431
22.36,51,2,5403.61,57.0,0,1,0.684
125.14,57,0,5345.87,78.1,0,0,0.0787
138.61,44,1,0.0,63.8,1,1,0.4928
13.85,30,0,4032.83,85.5,0,0,0.1225
192.63,62,0,3902.72,77.3,0,0,0.0963
164.33,50,0,8075.39,87.2,0,0,0.0842
8.23,23,1,5334.32,91.6,1,0,0.3658
14.07,41,0,3755.97,52.2,0,0,0.1586
9.79,36,0,4274.69,89.5,0,0,0.0947
43.72,33,1,7058.46,78.7,1,0,0.2024
72.63,57,0,4038.54,88.0,0,0,0.1161
77.2,45,0,2754.51,91.6,0,1,0.1774
34.59,50,0,3810.74,84.1,0,1,0.1378
235.46,65,0,6851.74,53.3,0,0,0.1517
48.63,58,0,5740.41,53.8,0,0,0.1543
9.43,30,0,4610.67,85.6,1,0,0.1498
38.91,60,0,4978.85,80.6,0,1,0.1258
76.95,62,0,3100.64,91.1,0,0,0.1223
54.84,42,1,4015.13,77.1,0,0,0.1624
35.4,70,0,2841.74,77.5,0,0,0.1062
18.37,59,1,3763.05,73.0,0,0,0.3113
167.47,53,0,7865.45,72.6,0,1,0.205
533.05,44,0,1805.32,71.4,0,0,0.1632
42.98,55,0,2778.21,87.3,0,0,0.1508
50.66,24,1,1364.25,66.5,0,0,0.3624
96.43,22,1,822.73,61.2,0,0,0.3624
125.4,60,0,4033.07,55.1,0,0,0.1516
52.27,62,0,2955.98,96.4,0,0,0.214
228.55,74,0,8904.22,44.7,0,0,0.1177
82.99,68,0,3792.88,50.3,0,0,0.1907
61.86,48,0,7723.49,76.5,0,0,0.1817
103.83,40,0,6920.02,62.2,0,0,0.1208
295.08,59,0,3977.61,65.0,0,0,0.1327
155.34,27,3,9775.34,75.2,0,1,0.568
8.88,49,0,5171.33,79.2,0,0,0.0977
43.37,60,0,8282.52,95.7,0,0,0.0727
65.41,70,1,7991.49,61.5,0,1,0.3635
40.88,47,0,5536.62,58.5,0,0,0.2139
119.44,56,1,6377.83,75.9,0,0,0.2182
171.27,48,0,6060.18,79.5,0,0,0.0833
129.86,35,0,1639.35,77.5,0,0,0.1244
436.36,53,0,4643.23,48.1,0,0,0.172
35.23,19,0,7185.62,78.7,0,1,0.2259
202.54,31,0,8315.47,72.9,0,0,0.0648
143.23,30,0,2698.4,67.0,1,1,0.0843
47.72,46,0,5822.08,69.5,0,0,0.0833
130.85,29,1,4877.18,42.1,0,1,0.3612
15.44,56,0,4205.31,80.4,0,0,0.1019
152.96,19,0,5390.01,65.2,0,0,0.1066
77.2,49,1,5044.99,51.6,0,0,0.2066
37.84,30,0,5853.52,47.3,0,0,0.0986
106.31,63,2,8104.29,68.9,0,1,0.6074
102.49,44,1,6460.32,57.5,0,0,0.3909
27.33,66,0,5276.48,74.5,0,0,0.0826
7.93,58,0,9161.56,93.9,0,0,0.0722
59.01,34,0,7274.82,53.3,0,0,0.1772
85.07,57,1,4269.0,79.9,1,0,0.2371
203.77,48,0,1457.2,76.8,0,0,0.1141
255.24,51,1,2030.42,82.8,0,0,0.4023
76.49,41,0,6833.08,96.2,0,0,0.1264
138.15,62,0,2924.22,60.6,0,0,0.1631
59.96,52,0,1979.86,51.1,0,0,0.2451
135.22,65,1,2604.79,87.0,0,0,0.1839
26.77,23,1,2781.54,52.6,0,1,0.5235
49.05,36,0,6626.62,72.2,0,1,0.1679
100.55,47,0,4108.14,72.7,1,0,0.1809
6.74,24,0,1069.06,76.6,0,0,0.1243
126.77,27,0,4577.61,87.8,1,0,0.116
176.48,58,1,5055.67,80.4,0,0,0.1824
53.39,49,0,3301.66,49.5,1,0,0.18
61.44,51,1,7389.71,47.8,0,0,0.2863
186.04,45,1,3447.65,77.7,0,0,0.3867
146.98,32,0,7270.84,76.3,0,1,0.1075
37.29,47,0,5991.96,74.0,0,0,0.0737
42.2,54,0,6816.51,71.7,0,0,0.1456
112.91,46,1,1753.62,88.8,0,0,0.3787
83.69,39,0,4745.78,46.0,0,0,0.1798
21.82,21,0,4367.93,87.1,0,0,0.1001
40.24,37,0,944.98,59.3,0,0,0.1734
223.73,49,1,7262.65,41.8,0,0,0.2878
115.7,53,0,2456.5,72.5,0,0,0.132
410.35,67,1,2976.08,55.8,0,0,0.2668
143.39,21,1,1966.71,92.6,0,0,0.1703
275.45,44,0,6252.97,78.2,1,0,0.0696
28.14,34,0,685.18,94.5,0,1,0.3348
145.23,29,2,6044.69,46.7,0,1,0.5974
6.94,39,0,7111.28,74.6,0,0,0.1679
110.54,34,0,5842.95,85.5,0,0,0.0902
65.18,27,0,6281.57,61.2,0,0,0.1195
45.45,71,0,6398.87,44.7,0,0,0.149
193.43,18,1,2126.44,64.6,0,1,0.3857
187.97,39,0,8086.84,85.9,0,0,0.0868
7.14,43,0,3349.81,64.7,0,0,0.1246
94.33,73,0,4334.03,86.1,0,0,0.1124
48.57,35,0,3668.41,72.7,0,0,0.0968
56.04,67,0,5728.86,81.8,0,0,0.0784
174.48,31,1,3154.91,79.4,0,1,0.4764
40.23,64,0,4667.29,60.7,0,0,0.1225
277.23,46,0,1411.64,49.0,0,0,0.3436
23.81,29,1,7411.66,47.6,0,0,0.3004
108.25,53,0,6176.85,55.1,0,1,0.1517
110.93,52,1,3769.35,53.1,0,1,0.3113
32.61,69,0,3327.13,44.3,0,0,0.2153
42.3,29,0,6111.57,70.8,0,0,0.053
176.06,24,0,2731.77,86.7,0,0,0.0796
141.29,46,0,4813.41,77.8,0,0,0.1123
42.92,28,2,7403.5,92.8,0,0,0.2918
77.53,50,0,2471.86,70.4,0,0,0.1626
11.05,23,0,5421.5,56.6,0,0,0.2577
27.24,64,0,5289.31,57.3,0,0,0.1517
68.19,32,0,4256.66,47.9,0,0,0.1096
13.54,49,0,3240.53,90.4,0,0,0.1091
181.09,68,0,7536.99,73.3,0,0,0.0885
125.26,28,1,3006.08,49.8,0,1,0.5664
278.21,40,0,0.0,72.5,0,0,0.2366
117.33,43,1,6101.33,51.1,1,0,0.2743
272.91,51,0,1496.74,87.5,0,0,0.1668
81.82,63,0,6229.7,86.9,0,0,0.1615
92.1,51,0,7837.26,89.4,0,0,0.0694
363.25,46,1,6074.37,50.9,0,0,0.2066
102.62,21,0,7178.53,43.4,0,0,0.0986
7.97,34,3,9550.12,46.6,0,1,0.5978
127.23,52,0,6916.9,61.2,0,0,0.1262
229.09,30,2,5326.43,75.3,0,1,0.717
155.82,58,0,8584.87,65.7,0,0,0.0688
88.28,56,0,8886.94,91.0,0,0,0.0548
110.7,32,1,8921.93,82.4,0,0,0.2421
444.33,72,0,3269.64,66.5,0,0,0.1073
14.03,46,0,1114.95,66.9,0,1,0.2585
109.53,46,0,3117.02,89.1,0,0,0.108
36.66,28,1,6259.1,63.4,0,0,0.2348
102.08,69,2,4897.9,70.1,0,1,0.6811
93.88,49,0,3983.8,56.6,0,0,0.2083
20.83,19,0,5901.2,89.8,0,0,0.2138
27.0,64,1,822.99,78.0,1,1,0.4696
97.33,31,0,4852.92,19.7,0,1,0.2704
18.04,37,1,7296.14,45.0,0,0,0.2621
34.27,39,1,5873.29,88.8,0,1,0.2027
176.31,28,0,6229.52,55.4,0,0,0.1654
42.63,44,1,8493.43,84.2,0,1,0.3911
68.61,20,0,4334.64,46.0,0,0,0.2513
274.1,34,2,2867.27,80.6,0,0,0.1775
29.48,61,1,7473.79,66.0,0,0,0.2699
51.9,73,0,7427.8,53.9,0,0,0.1808
93.59,45,0,5895.73,54.6,0,0,0.1528
138.75,46,1,4099.07,75.2,0,0,0.2516
225.33,38,0,4503.45,42.8,0,0,0.2476
239.71,64,0,1308.07,73.2,0,0,0.1231
147.4,33,0,7282.37,88.3,0,0,0.1163
29.62,54,0,7194.13,52.0,0,0,0.1341
7.39,37,2,1220.79,48.2,0,1,0.5754
50.99,23,1,6669.08,71.5,0,1,0.3734
19.5,36,1,5510.25,73.5,0,1,0.3538
122.73,74,0,1945.06,75.3,0,0,0.1649
107.8,22,0,1485.0,94.8,1,0,0.1227
9.27,20,1,5433.73,78.7,1,0,0.3518
177.09,18,0,3505.74,89.5,0,0,0.0916
32.17,55,0,9049.87,47.9,0,0,0.1491
58.77,32,0,6881.5,63.5,0,0,0.1893
109.73,51,0,5684.23,44.4,0,0,0.2458
58.3,52,1,5807.7,90.7,0,0,0.2163
60.3,66,0,7827.17,81.6,0,0,0.1993
11.45,42,1,6616.3,64.7,0,0,0.3001
53.76,41,2,5749.42,67.7,0,0,0.47
142.51,29,1,2049.35,51.9,0,1,0.4183
239.38,35,0,12154.87,88.3,0,0,0.0644
55.69,32,1,1742.04,84.7,0,0,0.2149
57.34,61,0,3718.64,50.7,0,0,0.1578
120.21,33,0,363.18,70.6,0,0,0.1781
276.77,44,1,5847.0,89.5,0,1,0.3786
34.52,25,0,4877.78,66.3,0,0,0.1584
60.11,63,1,6413.19,59.7,0,0,0.306
156.0,42,0,152.34,77.3,0,0,0.1312
94.38,34,0,7282.26,79.1,1,0,0.078
16.13,46,0,2481.41,39.2,0,1,0.3409
98.87,70,0,4127.49,71.3,0,0,0.1231
24.64,25,0,6828.93,42.7,0,0,0.1189
72.81,32,1,5153.17,72.6,1,0,0.3119
76.55,44,0,5329.86,62.4,0,0,0.1672
203.47,63,0,6497.95,82.5,0,0,0.0645
63.98,67,1,5571.98,67.3,0,1,0.2131
36.13,69,1,3647.23,86.5,1,0,0.226
29.95,24,0,4083.83,58.1,0,0,0.1262
201.98,20,1,5029.7,71.1,0,0,0.1603
22.82,46,1,2261.11,71.5,0,0,0.2014
57.72,61,0,6990.02,82.1,1,0,0.0875
24.69,70,1,5221.63,50.3,0,0,0.2671
145.99,41,1,4686.94,58.9,0,0,0.4031
66.1,20,0,7481.24,45.8,0,0,0.1529
46.09,37,1,4199.72,75.4,0,0,0.1223
47.56,63,0,4043.95,83.6,0,1,0.0963
186.64,32,0,3288.43,77.8,1,0,0.1857
81.66,42,0,5357.67,65.6,0,0,0.0969
125.21,47,0,5271.13,56.0,0,0,0.1543
220.97,31,0,2834.29,80.0,0,0,0.1865
225.41,24,2,4055.77,69.6,0,1,0.7112
42.83,34,1,2850.99,91.4,0,0,0.3801
294.37,61,0,2737.83,55.5,0,0,0.1516
7.39,37,1,175.26,69.7,0,0,0.273
49.93,53,0,3922.72,46.0,0,0,0.1611
219.84,26,0,244.47,61.5,0,1,0.3169
35.5,55,0,3342.96,89.7,0,0,0.11
35.3,65,0,2968.26,59.7,1,0,0.1598
39.24,74,1,7129.74,66.3,0,1,0.418
95.02,39,0,1962.66,81.1,0,0,0.0959
59.8,71,1,2597.03,83.3,0,1,0.6324
128.24,70,0,3546.19,72.7,0,0,0.0963
219.03,70,0,3049.64,91.2,0,0,0.11
111.54,19,2,7923.14,34.8,0,1,0.6083
26.73,41,1,1653.58,43.1,0,0,0.2024
261.34,25,2,3551.49,88.9,0,0,0.1996
34.18,28,0,5330.16,35.6,0,0,0.1526
20.43,30,2,6702.96,91.4,1,1,0.527
13.96,34,1,3549.4,89.5,0,0,0.2563
83.73,25,1,0.0,70.5,1,0,0.4516
16.47,38,1,4124.74,81.8,0,0,0.1638
19.19,35,0,7880.07,83.5,0,0,0.0605
38.89,47,0,5205.47,73.2,0,0,0.152
36.43,35,0,5091.04,83.8,0,0,0.0663
93.06,63,0,1842.46,98.5,0,1,0.439
166.2,64,0,1585.82,53.0,0,0,0.1563
141.11,48,0,4545.1,50.2,0,0,0.2165
33.92,55,0,934.05,68.3,0,0,0.1586
31.74,49,0,6453.41,83.6,1,0,0.1871
325.65,28,1,2383.38,71.9,0,1,0.4183
5.79,62,2,4438.36,61.3,0,1,0.7083
206.2,42,0,0.0,68.8,0,0,0.1836
26.17,50,1,3515.5,43.5,0,0,0.2914
284.57,55,0,1535.35,84.0,0,0,0.159
44.81,58,0,0.0,66.9,0,0,0.1626
60.14,25,1,5854.61,88.2,0,0,0.2918
121.66,28,0,8602.9,76.2,0,0,0.0826
89.16,39,2,7323.68,81.6,0,0,0.2001
41.35,68,0,6204.23,60.1,0,0,0.1517
81.67,41,1,3464.7,94.5,1,0,0.2355
129.64,58,0,6514.73,74.3,0,0,0.152
9.11,34,0,7559.63,81.1,0,0,0.0626
6.07,29,1,4842.05,63.8,0,1,0.2927
63.2,74,2,1539.1,78.8,0,1,0.887
18.43,63,0,3251.54,67.9,0,0,0.1627
108.71,49,0,8756.74,74.0,0,0,0.0609
27.88,32,0,4313.14,55.0,0,0,0.116
58.88,33,0,0.0,81.9,1,0,0.103
25.92,71,1,827.69,76.8,0,1,0.5245
80.54,39,1,3438.88,51.7,0,1,0.4617
16.72,45,0,7089.56,62.1,0,1,0.1672
7.22,37,0,3817.19,87.4,1,0,0.109
9.99,50,0,7136.08,75.3,0,0,0.0696
298.05,27,1,3184.59,70.6,0,0,0.454
19.58,57,0,0.0,83.2,1,0,0.1556
122.1,49,0,3271.1,74.3,0,1,0.1366
11.68,67,0,5362.36,88.0,0,0,0.0784
15.87,50,0,5154.88,75.2,0,1,0.0866
72.55,19,0,1362.23,71.5,0,0,0.2259
64.4,50,1,3622.01,82.7,0,1,0.2916
292.65,50,1,11211.69,77.7,0,0,0.2397
280.26,58,0,1416.83,76.1,0,0,0.152
148.67,30,0,6151.81,38.1,0,0,0.2551
92.55,47,0,0.0,89.0,0,0,0.1829
62.66,50,0,6659.48,92.5,0,0,0.0827
46.83,30,0,2269.19,46.4,0,0,0.1429
284.22,69,0,5505.22,38.1,1,0,0.1509
92.74,43,0,1271.19,39.9,0,0,0.2573
87.2,39,0,5227.13,61.0,1,0,0.2199
30.06,56,1,2228.37,71.5,0,1,0.2014
9.54,19,0,2712.38,71.3,0,0,0.0796
280.87,55,0,5604.97,78.8,0,0,0.0787
40.77,56,0,3424.04,75.1,0,0,0.1857
60.52,43,0,5450.95,93.7,0,0,0.1531
16.57,63,0,4022.9,73.8,0,0,0.0963
177.29,67,0,4668.73,84.9,1,0,0.1067
7.66,32,0,5612.72,89.3,0,0,0.0612
175.59,51,0,3624.95,85.8,0,0,0.143
19.36,59,0,2009.88,57.5,1,0,0.1543
211.77,72,0,3169.22,67.3,0,0,0.1708
129.31,61,0,7487.85,81.5,1,0,0.0833
22.09,66,0,4790.43,52.9,0,0,0.1399
84.26,57,1,2387.75,46.9,0,1,0.231
40.62,28,0,5503.9,75.5,0,0,0.053
23.65,20,0,5670.79,73.6,0,0,0.2605
191.23,23,1,5800.0,83.9,0,0,0.3518
54.09,26,0,2055.41,94.7,0,0,0.2486
53.3,23,0,2794.02,58.6,0,1,0.2302
22.69,26,0,2807.93,44.1,0,0,0.1429
50.88,56,0,3598.38,84.8,0,0,0.1533
200.01,48,0,5847.3,85.1,0,0,0.1607
47.86,49,1,5240.46,74.7,0,1,0.306
292.69,58,2,5438.04,53.5,0,1,0.6576
282.83,67,0,7885.05,60.8,0,0,0.162
19.87,29,0,6222.23,50.9,0,1,0.2
23.54,25,0,4145.5,35.1,0,0,0.257
193.61,25,0,1540.29,47.6,0,0,0.2636
52.39,67,1,2713.63,75.4,0,0,0.2476
5.42,45,0,3845.74,60.2,0,0,0.1586
35.4,37,0,6572.82,22.3,0,0,0.2943
91.49,64,2,4431.67,67.7,0,0,0.3497
157.55,24,0,2859.51,77.8,0,0,0.0796
18.6,28,0,2667.77,56.9,0,0,0.1531
16.13,37,0,4326.05,36.8,0,1,0.3322
247.46,33,0,6724.97,60.4,0,0,0.1485
137.14,21,0,8477.55,92.3,0,0,0.0763
89.65,23,0,3985.58,66.4,0,0,0.1985
144.28,39,1,4388.14,89.6,0,1,0.2994
58.21,43,0,1465.15,46.6,0,1,0.3288
139.97,20,0,9347.98,86.4,0,1,0.2138
49.17,58,0,997.49,47.6,0,0,0.2282
31.58,59,0,7429.16,59.5,0,0,0.1268
129.04,31,0,3586.66,65.4,0,0,0.0963
56.7,28,1,3001.58,67.6,0,1,0.4864
383.42,35,0,1724.99,67.0,0,0,0.1156
45.85,71,0,10525.12,50.6,0,0,0.1315
247.02,29,1,5053.73,56.8,0,0,0.1787
261.74,40,1,4553.2,87.1,0,0,0.1824
31.3,29,0,6716.83,67.0,0,0,0.0562
157.06,30,0,2872.92,74.6,0,0,0.1055
58.92,42,0,4504.61,60.2,0,0,0.2083
242.05,62,1,4640.84,65.6,1,1,0.2743
61.82,68,1,3219.64,68.2,0,0,0.2245
134.56,36,0,7499.1,85.3,0,0,0.1896
64.77,72,1,3953.36,90.2,0,0,0.151
29.56,63,0,617.17,68.6,0,1,0.2234
26.12,53,0,3746.26,78.3,1,0,0.1393
57.64,62,0,5122.95,69.0,0,0,0.0925
138.81,25,0,2266.27,40.4,0,0,0.1429
93.26,46,0,2463.51,68.7,0,0,0.1632
115.84,72,0,3134.35,74.5,0,1,0.219
36.52,70,0,7553.09,59.9,0,0,0.1268
67.39,72,0,3282.1,55.7,0,0,0.1674
9.31,49,0,8072.79,87.5,0,0,0.0842
166.61,68,0,2962.62,57.0,0,1,0.1563
441.47,61,0,5312.54,54.0,1,0,0.1517
54.62,35,1,3384.39,86.8,0,0,0.3483
6.05,23,1,6385.21,72.6,0,1,0.4185
22.68,35,0,1704.31,74.1,1,0,0.1313
105.42,36,1,6357.15,88.8,0,0,0.2387
94.96,39,0,4784.67,74.4,0,0,0.0893
152.3,54,1,2900.02,85.7,0,0,0.195
32.82,49,1,4084.45,59.6,0,0,0.1657
142.02,73,2,8334.64,52.9,0,1,0.6298
115.65,58,0,4844.61,65.1,0,0,0.1066
42.03,20,0,2743.18,83.0,0,0,0.0796
79.91,45,0,1488.27,94.0,0,0,0.1382
20.14,27,0,5763.51,56.0,0,0,0.0992
62.24,68,1,4989.61,66.4,0,0,0.1374
207.38,52,0,6237.55,60.8,0,0,0.1543
56.94,46,0,844.44,98.6,0,0,0.2799
178.84,71,0,1569.35,48.0,1,1,0.2191
89.76,32,0,7367.2,45.1,0,0,0.0986
25.24,50,1,5328.35,93.1,0,0,0.1656
87.66,24,0,5833.5,62.6,0,0,0.0872
71.99,29,0,2093.28,71.9,1,0,0.0796
53.31,66,0,2047.53,51.7,1,0,0.1563
17.1,47,0,6978.15,57.8,0,0,0.1528
56.21,38,0,7095.94,83.1,0,0,0.053
12.18,48,0,1779.2,68.2,0,0,0.1079
14.88,41,0,1301.57,37.7,1,0,0.1801
56.08,37,0,4228.52,85.2,0,1,0.0843
39.62,54,1,2501.63,84.1,0,1,0.3587
251.77,21,0,2449.56,89.3,0,0,0.1032
49.76,45,0,1371.55,65.2,0,0,0.1388
139.73,61,1,3328.92,61.8,0,0,0.2039
76.78,37,1,1613.26,59.3,0,0,0.3646
120.68,41,0,1761.5,83.2,1,0,0.1538
33.62,67,0,5245.98,65.0,0,0,0.0938
275.34,66,0,4362.0,64.2,0,0,0.1652
76.75,68,1,5712.2,64.2,0,0,0.1863
174.08,49,0,377.42,58.9,0,0,0.282
48.15,58,0,4524.7,48.6,0,0,0.172
15.03,53,0,9689.09,95.0,0,0,0.199
111.4,70,0,3569.32,80.4,0,1,0.1535
5.74,51,0,6561.87,84.2,0,0,0.0684
66.27,53,1,6540.02,68.0,0,1,0.3495
25.35,19,0,6663.0,86.1,1,0,0.1037
98.78,32,1,4916.65,84.9,0,0,0.2207
373.93,51,1,5915.21,53.2,0,0,0.2971
64.32,53,1,6247.53,46.6,0,0,0.264
166.59,23,2,6088.62,39.4,0,0,0.6229
72.34,56,1,1706.45,68.3,1,0,0.3882
70.06,59,0,231.54,78.3,0,0,0.1586
258.21,68,0,616.04,44.6,0,0,0.2447
214.66,68,0,3824.6,81.9,0,0,0.129
151.38,71,0,5984.82,60.0,0,0,0.1734
38.38,29,0,1738.97,81.0,0,0,0.109
79.81,20,0,6809.93,88.3,0,0,0.0734
29.08,62,1,3244.31,66.2,1,1,0.2281
60.75,35,0,3268.11,70.2,0,1,0.1156
67.9,57,0,2409.73,89.8,0,0,0.11
174.26,38,0,0.0,70.9,0,0,0.103
220.05,32,0,5073.29,82.9,0,0,0.1137
55.87,50,0,8781.67,70.3,1,0,0.0672
6.7,52,0,4343.34,76.3,0,0,0.0883
192.99,43,0,0.0,61.9,0,1,0.2305
23.19,25,1,6450.86,57.3,0,0,0.1787
97.39,53,0,438.01,94.7,0,1,0.2777
7.4,65,0,1477.41,59.1,0,0,0.1386
53.45,47,0,3904.15,57.2,0,1,0.1543
410.26,40,0,4807.11,76.0,0,1,0.1673
15.08,59,0,1978.34,54.5,0,0,0.1586
57.36,61,0,3806.71,53.9,0,0,0.1516
39.86,31,0,6287.91,98.1,0,0,0.154
228.71,31,2,6630.45,92.8,0,0,0.3171
198.34,19,0,7628.64,76.9,0,0,0.0829
30.78,72,0,9273.55,85.1,0,0,0.0697
13.04,54,0,6524.72,69.7,0,0,0.111
98.72,22,0,3958.16,93.8,1,1,0.14
43.95,55,0,6648.28,69.6,0,0,0.0645
110.92,62,0,5666.79,82.5,0,0,0.0684
8.1,58,0,5765.92,72.7,0,0,0.0878
18.6,71,0,4943.05,96.2,0,0,0.1928
115.16,64,2,2219.86,73.0,0,1,0.605
27.68,31,0,1929.76,96.4,0,0,0.1674
190.16,73,1,4257.2,77.8,0,1,0.589
10.74,56,1,4872.28,78.1,0,0,0.278
28.06,42,1,2801.4,85.0,0,1,0.2332
626.61,37,2,5558.35,93.7,0,0,0.314
58.92,19,0,9701.91,75.3,0,0,0.0607
120.32,56,1,139.17,39.2,0,0,0.2803
24.16,23,1,5955.61,81.6,0,0,0.1481
94.42,34,0,4335.06,61.8,0,0,0.1431
128.03,42,0,5626.64,95.2,0,0,0.1264
40.87,74,0,3423.21,76.4,0,0,0.1073
172.72,45,1,4134.85,89.7,0,0,0.2473
92.86,19,0,4823.75,97.5,0,0,0.1067
51.82,52,0,3745.92,93.1,0,0,0.11
82.49,54,0,698.65,52.9,0,0,0.1816
86.68,22,2,3915.21,93.9,0,1,0.5802
22.19,18,1,958.92,85.5,0,0,0.2006
53.96,57,0,6132.98,96.7,0,0,0.1104
44.97,29,1,0.0,93.1,0,1,0.4394
53.67,73,0,7071.64,89.0,0,1,0.1696
141.02,53,1,5573.91,97.5,0,0,0.2611
67.59,62,2,5583.47,63.6,0,1,0.6632
272.78,40,1,0.0,34.0,0,0,0.2047
38.03,64,0,3678.5,70.5,0,0,0.1366
56.05,48,0,7383.91,56.3,0,0,0.1543
151.89,28,1,3203.48,91.7,0,0,0.3986
80.02,27,0,1804.84,69.6,0,0,0.1156
80.23,20,1,2908.32,80.0,1,0,0.2217
10.21,71,1,4329.31,94.0,0,0,0.1548
53.31,31,0,2371.57,86.5,0,0,0.0843
34.99,33,0,7584.54,75.2,0,0,0.0703
700.01,27,1,4338.33,67.6,0,0,0.259
40.02,46,0,3111.08,36.6,0,0,0.1805
210.05,27,1,1246.64,52.9,0,0,0.2117
112.13,29,2,5711.12,91.5,0,1,0.4264
44.61,47,0,5654.17,71.7,0,0,0.1214
79.5,58,0,2519.48,69.9,0,0,0.1062
179.41,18,1,0.0,78.3,1,0,0.3848
209.13,22,1,5526.91,86.8,0,0,0.1481
21.61,37,1,4032.99,86.2,1,0,0.1776
44.41,25,0,5340.18,91.4,0,0,0.0693
43.79,60,1,9392.94,89.1,0,0,0.2898
9.08,29,0,4432.92,24.2,0,0,0.1237
91.63,18,0,3215.4,84.5,1,0,0.0796
188.33,74,0,1631.7,74.5,0,0,0.1058
50.65,71,0,3718.95,70.7,0,0,0.1701
132.99,37,0,4901.44,86.8,0,0,0.0772
98.87,45,0,4633.27,73.0,0,0,0.1632
49.75,74,0,8808.66,88.5,0,0,0.0614
19.45,60,0,5747.71,89.6,1,0,0.0827
122.38,54,0,4163.0,57.2,0,0,0.1415
188.16,64,2,2733.6,54.3,0,0,0.4552
115.0,54,1,5166.68,53.6,0,0,0.2764
6.71,29,0,2232.48,98.0,0,0,0.1545
28.15,54,0,4949.58,96.6,0,1,0.2346
11.84,66,0,5718.53,68.5,0,0,0.1627
85.26,66,1,3958.87,67.5,0,0,0.1486
139.19,73,0,2924.28,74.7,0,1,0.219
16.13,61,0,0.0,61.9,0,0,0.2628
178.11,73,0,7359.59,88.8,0,0,0.1184
82.03,45,0,5508.25,95.6,0,1,0.4085
116.25,64,0,5569.04,87.4,0,0,0.071
342.67,32,0,596.62,87.4,0,0,0.1275
13.3,23,2,7949.6,87.3,0,0,0.3428
224.92,61,1,3336.96,61.3,0,1,0.3776
17.81,37,0,3778.01,73.6,0,0,0.2168
52.42,67,0,1826.78,82.6,0,0,0.1004
186.14,31,0,32.64,90.3,0,0,0.194
229.88,19,1,7393.37,83.8,0,0,0.2321
72.07,26,0,7716.49,85.5,0,0,0.0533
90.66,54,0,4086.18,93.2,0,0,0.0911
121.99,37,0,2801.54,62.4,0,0,0.1704
174.89,43,1,3557.39,67.6,0,0,0.3113
17.31,46,0,3625.96,47.0,0,0,0.1711
162.8,18,0,1500.35,78.4,1,0,0.0968
67.36,72,0,3769.36,90.7,0,0,0.1611
61.9,52,0,4882.75,65.7,0,0,0.1072
57.39,23,1,7045.39,88.2,0,0,0.3518
72.62,54,1,4535.61,49.7,0,1,0.2764
280.63,70,1,559.12,67.2,0,1,0.6567
80.48,22,0,5383.87,92.9,0,0,0.0693
295.83,50,0,3860.17,60.7,0,0,0.1874
23.89,66,1,7926.02,36.9,0,0,0.2121
127.35,68,0,8073.64,68.2,0,0,0.0792
163.9,31,0,8161.14,83.9,0,0,0.0605
112.99,29,0,3096.03,46.7,0,0,0.2132
93.71,59,0,9474.64,82.2,0,0,0.0668
84.04,37,0,5377.36,82.3,0,0,0.1181
192.41,70,1,8565.95,71.6,0,0,0.2883
168.78,67,0,3243.45,81.0,0,0,0.1161
17.39,41,0,3753.51,78.6,0,0,0.1036
184.34,60,0,5185.07,52.2,0,1,0.3188
55.78,51,0,4879.69,82.8,0,0,0.1443
32.8,42,1,7637.03,72.9,0,1,0.3226
198.65,67,1,3919.68,66.3,0,0,0.1711
58.74,46,0,7411.54,38.5,1,0,0.1435
161.96,74,1,6330.59,39.3,0,0,0.3406
34.04,56,0,3966.52,66.7,0,0,0.1231
5.37,48,0,6136.69,68.1,0,1,0.152
69.99,73,0,3316.84,84.1,0,0,0.1452
15.03,64,1,10375.51,88.0,0,1,0.2898
138.38,60,2,0.0,77.2,0,1,0.5927
35.69,67,1,6182.36,82.2,1,0,0.2158
60.7,40,1,88.51,88.3,0,1,0.3867
13.65,61,1,3935.86,69.3,0,0,0.1573
37.09,55,0,4285.98,74.5,0,0,0.1131
149.49,37,0,8269.08,65.5,0,1,0.2006
20.62,40,1,2769.62,61.5,0,1,0.4203
103.97,62,0,7770.03,73.0,0,1,0.0922
241.94,69,1,1552.96,72.1,0,1,0.6642
113.2,33,3,7866.67,68.3,0,1,0.5632
163.28,67,0,3314.14,89.5,0,0,0.1534
15.96,59,0,4683.59,87.5,0,0,0.0883
32.42,72,1,3659.05,74.5,1,1,0.5743
218.69,25,0,7705.91,43.5,0,0,0.1962
124.29,67,0,7219.35,90.8,0,0,0.0609
101.94,38,1,5608.75,85.9,0,0,0.2093
108.55,18,0,1620.33,79.8,0,0,0.1569
55.8,72,0,2712.45,76.0,0,0,0.1437
9.33,25,0,1928.56,55.8,0,1,0.1531
150.78,46,0,0.0,72.5,1,0,0.1239
112.87,49,0,7653.3,78.8,0,0,0.0885
65.82,55,0,3680.44,72.3,0,0,0.1019
223.52,22,1,3653.77,58.9,0,0,0.2062
43.92,64,2,8240.26,63.6,0,0,0.5062
38.12,39,0,3310.03,34.1,0,0,0.2051
200.89,64,0,2398.82,44.0,0,1,0.2022
156.48,51,1,3938.14,96.8,0,0,0.1876
73.74,18,1,1668.33,65.8,0,0,0.3524
18.31,72,0,5360.89,94.0,0,0,0.2155
28.01,72,0,3565.84,59.8,0,0,0.14
106.44,43,0,3231.82,84.5,0,0,0.1161
51.19,60,1,3015.24,62.7,0,0,0.3698
177.02,27,0,4234.45,72.6,0,0,0.1062
289.51,47,0,4708.7,83.7,0,0,0.0951
160.61,67,1,3200.06,39.0,0,0,0.2377
50.04,35,1,3603.09,84.4,0,0,0.2713
152.67,34,0,4296.19,59.8,0,0,0.116
46.14,43,0,4043.95,94.3,0,0,0.1487
22.37,25,0,4577.69,97.9,0,1,0.3453
8.23,64,0,2808.32,59.4,0,0,0.1586
51.29,57,0,7011.48,67.5,0,0,0.0683
227.19,66,1,4742.07,92.7,0,0,0.146
30.94,29,0,3240.38,83.5,0,0,0.109
26.98,44,0,5360.96,72.5,0,0,0.1214
337.56,25,0,4314.08,70.5,0,0,0.1584
7.41,42,0,165.43,29.0,1,1,0.5418
151.37,63,0,5352.38,33.9,0,0,0.2969
41.83,21,0,1951.23,50.5,0,1,0.1494
8.63,50,0,6836.07,62.8,0,1,0.1925
242.37,18,0,3895.63,87.8,0,0,0.2234
19.29,36,0,6450.18,92.4,0,0,0.1583
81.23,48,0,2924.45,72.3,0,0,0.1079
35.43,33,0,4674.82,71.0,0,0,0.1679
11.4,31,1,7525.61,60.3,1,1,0.4359
9.87,70,1,3827.46,36.6,0,1,0.564
16.67,65,1,3022.96,86.5,0,1,0.3923
12.03,22,0,6137.6,71.2,0,0,0.0649
140.8,58,1,6089.15,85.2,0,1,0.1824
68.15,43,0,3128.13,65.7,1,0,0.1512
44.89,45,1,0.0,72.0,0,0,0.3882
56.48,19,0,2974.94,50.9,0,0,0.0979
256.21,67,0,6193.4,72.9,0,0,0.0684
234.55,23,0,2562.41,88.8,0,0,0.0968
124.48,26,0,4472.66,56.2,0,0,0.116
210.21,50,1,2856.29,81.8,0,0,0.4023
41.59,58,0,0.0,57.2,0,0,0.1872
50.58,42,0,2811.3,35.5,0,1,0.3177
95.36,65,0,6182.83,68.2,0,0,0.1334
97.83,30,0,0.0,84.2,0,0,0.1069
67.43,26,0,5130.42,94.4,0,0,0.0863
53.63,70,2,1534.83,66.7,0,1,0.7762
411.76,30,2,6021.11,80.5,0,0,0.2463
168.5,48,0,6285.8,82.8,0,0,0.0737
59.23,58,0,4070.13,75.9,0,0,0.1231
128.44,28,0,4075.83,74.9,1,1,0.1156
34.84,21,0,2484.09,80.2,0,0,0.1985
15.03,51,0,1136.04,55.0,0,0,0.1816
46.28,55,0,8745.23,93.4,0,0,0.0625
54.0,63,0,2337.32,76.3,0,0,0.1231
6.58,21,1,8419.49,95.9,0,1,0.2483
165.2,55,0,2351.25,86.2,1,0,0.129
47.28,36,4,5812.98,62.6,0,0,0.5222
87.51,23,1,1655.48,91.9,0,1,0.4862
12.3,51,0,5808.49,89.8,0,0,0.0609
23.27,35,0,3686.03,51.4,0,0,0.1187
214.43,30,0,3718.71,50.2,0,0,0.1181
94.13,58,0,6025.06,36.3,0,0,0.2721
290.14,40,0,3327.15,75.8,0,0,0.1673
640.04,36,1,929.63,59.2,0,0,0.3312
49.17,62,0,6403.26,87.6,0,0,0.0645
38.72,28,1,1635.25,92.9,0,0,0.4231
190.67,18,0,5791.29,66.0,0,0,0.0562
630.05,41,1,6932.49,63.3,0,0,0.306
99.36,71,0,3561.27,62.8,0,0,0.1401
155.62,24,1,7455.88,88.5,0,0,0.2527
149.6,42,0,5704.46,86.3,0,0,0.0696
46.71,38,1,2760.35,71.3,0,0,0.3138
86.13,32,0,8003.57,84.2,0,0,0.0894
175.06,18,0,1645.82,94.2,0,0,0.1032
115.69,29,0,3558.25,78.9,0,0,0.1716
7.03,24,0,3984.21,84.4,0,0,0.109
44.0,32,0,6013.06,87.5,0,0,0.0734
19.82,38,0,7288.58,95.3,0,0,0.1182
30.2,36,1,7131.98,80.7,0,0,0.2044
229.11,46,0,5059.37,74.2,0,0,0.0977
8.57,42,0,3799.33,76.0,0,0,0.1036
28.58,50,1,0.0,30.8,0,1,0.285
40.19,66,0,1214.64,80.0,0,1,0.3241
96.14,49,1,8916.64,58.9,0,0,0.2555
77.56,66,0,0.0,88.4,0,0,0.1099
28.39,52,0,2538.77,85.8,0,0,0.1062
22.04,61,0,7361.52,81.1,0,0,0.0777
30.67,55,0,5024.28,87.2,0,1,0.1072
71.33,43,0,6820.11,71.2,0,0,0.0696
35.05,28,0,5857.07,77.6,0,0,0.053
285.15,52,0,8173.96,31.8,0,0,0.2547
64.22,25,2,5238.57,71.0,1,1,0.717
10.76,63,1,6158.62,86.7,0,0,0.1824
129.13,31,1,2689.38,95.9,0,0,0.1798
42.88,27,3,5965.83,44.5,0,1,0.6567
105.68,19,0,3509.68,79.9,0,0,0.186
36.15,63,0,3367.24,96.1,0,0,0.1379
85.34,26,0,6736.81,77.6,0,0,0.053
145.51,20,0,6754.06,86.4,0,1,0.2243
254.97,38,0,8721.11,70.5,0,0,0.0521
33.75,43,0,8558.16,91.1,0,0,0.07
43.74,25,1,6793.29,76.5,0,1,0.2946
64.29,65,3,198.89,13.4,0,0,0.4663
253.87,19,0,9069.2,30.8,0,0,0.0905
225.07,23,2,6794.92,72.9,1,0,0.6261
13.95,45,0,2585.35,51.7,0,0,0.1705
18.44,70,1,6322.27,70.5,0,0,0.3463
70.0,46,0,1906.84,87.1,0,0,0.1304
15.71,43,0,6046.58,87.0,0,0,0.0875
45.28,42,0,1209.32,84.5,0,1,0.1786
20.26,29,0,2479.45,64.9,0,0,0.0964
101.02,22,1,6274.82,64.0,0,1,0.3734
288.64,51,0,7182.22,92.8,0,0,0.0609
548.79,65,0,5313.59,84.3,0,0,0.0645
49.69,54,0,3784.58,79.4,0,0,0.1019
91.81,32,1,0.0,73.8,0,0,0.1399
189.28,61,0,3977.45,98.0,0,0,0.1525
16.87,53,0,5833.71,80.8,0,0,0.1072
116.13,32,0,3708.09,61.4,0,1,0.1262
54.94,60,1,4443.56,45.0,0,0,0.295
26.93,65,0,4035.96,65.6,0,1,0.1652
53.97,40,0,3695.73,37.3,0,0,0.1689
12.51,23,0,4689.69,63.8,0,0,0.0884
117.93,63,0,3818.26,70.1,0,0,0.1167
32.68,67,0,8108.22,78.5,0,0,0.1013
40.44,61,0,0.0,76.1,0,0,0.1192
17.26,60,0,3135.39,49.3,0,0,0.1787
195.0,62,0,2324.36,87.3,0,0,0.1215
69.61,38,2,5047.78,78.0,1,1,0.5652
85.65,40,1,4692.86,74.7,1,1,0.2832
85.05,60,0,8555.48,75.4,0,0,0.054
55.2,72,2,9377.86,85.2,1,1,0.4676
25.32,33,0,2567.29,87.0,0,0,0.1802
134.87,64,0,4501.25,60.0,0,0,0.1225
17.91,70,1,4990.76,73.6,0,0,0.3463
15.42,32,0,2505.47,65.7,0,0,0.1156
122.65,42,0,6070.96,76.8,0,0,0.1632
27.25,53,0,3901.23,82.9,0,0,0.1316
39.81,28,0,1830.91,63.5,0,0,0.1262
66.26,68,0,3801.08,62.5,0,0,0.1332
61.68,32,1,2005.81,73.7,0,0,0.1841
122.13,21,0,7091.62,77.0,0,0,0.078
97.78,38,0,9253.9,68.2,0,0,0.0552
103.22,30,0,5112.05,87.7,0,0,0.0663
123.94,39,0,4778.19,89.5,1,0,0.0797
37.89,36,0,4881.09,50.0,0,0,0.2409
41.96,51,1,7455.59,55.9,0,1,0.38
59.74,31,1,7401.75,81.7,0,0,0.2918
39.9,21,0,4210.87,92.0,0,0,0.1098
403.58,65,0,5131.47,72.0,0,0,0.0805
164.82,70,0,6131.62,58.0,0,0,0.1426
22.09,69,1,1655.78,72.7,0,1,0.6642
5.53,63,0,7531.52,84.5,0,0,0.0648
9.15,44,3,8837.08,67.9,0,0,0.4814
31.58,46,1,7412.58,58.9,0,0,0.2986
16.53,64,0,1386.02,70.4,0,0,0.1257
77.4,45,0,0.0,74.5,0,0,0.1239
190.43,52,0,6271.8,80.7,0,0,0.1437
131.79,25,0,2599.53,77.4,0,0,0.0843
28.07,33,0,5217.83,82.8,0,0,0.053
53.42,59,1,8337.87,94.8,0,0,0.2303
72.36,53,0,2857.61,61.8,0,0,0.1543
162.87,47,0,3556.11,70.3,0,0,0.152
178.58,35,1,5191.81,75.1,0,1,0.3672
233.46,19,0,1256.23,54.4,0,0,0.146
72.62,66,2,2605.36,84.5,0,0,0.2909
117.58,30,1,4562.14,48.2,0,0,0.2484
16.26,21,0,3748.86,94.5,0,0,0.2314
84.14,43,0,6021.02,87.0,0,0,0.1067
32.16,42,1,11414.95,47.6,0,0,0.2611
58.69,47,0,4747.85,63.6,0,1,0.2083
100.5,28,0,2395.72,70.0,0,0,0.0796
33.22,24,0,8045.6,86.3,0,0,0.0538
10.09,48,0,527.95,64.2,1,0,0.1914
5.98,61,1,1027.73,96.0,0,0,0.1977
7.13,27,0,3012.24,33.5,0,0,0.145
5.8,56,0,3792.78,90.3,0,0,0.0964
16.11,30,0,2952.32,95.5,0,0,0.1545
31.01,48,1,4421.22,64.6,0,0,0.2182
28.75,24,0,5186.85,93.4,0,0,0.067
416.09,73,0,7172.4,87.2,0,0,0.0922
39.7,66,0,4727.97,77.2,0,0,0.0935
17.95,59,0,3095.13,46.5,0,0,0.1711
79.93,59,2,7036.61,77.9,1,0,0.4499
190.4,73,0,2455.71,77.1,0,0,0.1437
112.67,53,1,418.49,77.4,0,0,0.3692
38.35,37,0,7514.89,95.3,0,1,0.2451
83.34,21,0,7354.63,83.5,0,0,0.0562
124.2,71,0,2519.25,58.6,0,1,0.1641
128.72,24,1,3502.25,82.8,0,1,0.2634
109.33,71,0,2207.68,91.8,0,0,0.1158
199.42,18,0,5316.56,58.7,0,0,0.0991
198.9,61,3,8830.12,61.0,0,1,0.6463
87.17,73,0,6257.2,65.6,1,0,0.1003
58.38,62,0,7089.31,61.0,0,0,0.1263
102.47,59,0,6549.32,86.6,0,0,0.1046
166.97,64,0,4499.7,87.1,0,0,0.0883
5.54,30,0,7208.35,91.7,0,0,0.05
463.65,72,1,6362.58,82.3,0,1,0.418
24.19,39,1,8098.61,67.2,1,0,0.3158
65.36,71,1,3351.13,83.4,0,0,0.3136
200.32,38,0,154.72,86.6,1,0,0.1069
29.22,39,0,7113.13,60.8,0,0,0.1331
66.54,45,0,5374.42,69.9,0,0,0.1632
18.51,26,1,3759.88,70.1,0,1,0.3791
52.75,43,0,3899.62,79.9,0,0,0.1809
23.52,26,0,10886.72,80.0,0,0,0.0512
47.94,32,0,2894.51,87.8,0,0,0.109
49.42,27,0,2366.74,56.4,0,0,0.1059
478.72,41,2,4713.21,57.0,0,0,0.3516
504.85,74,1,7451.23,82.9,0,1,0.4708
16.58,59,1,10196.0,93.8,0,0,0.2544
127.98,25,1,6143.41,75.9,0,0,0.3668
10.05,41,0,1323.98,58.7,0,0,0.1598
