amount,velocity,device_id,region,is_fraud,pred_prob
67.00849949386036,2,DEV_00000,EU,1,0.828247369988207
2.282829050703869,2,DEV_00001,NA,0,0.026099887234790786
116.13202200357719,2,DEV_00002,APAC,0,0.01
34.814484120997896,7,DEV_00003,NA,0,0.04457514546016084
82.0737630522998,0,DEV_00004,EU,1,0.7714837092873491
35.79887682929845,0,DEV_00005,APAC,0,0.11683561477103056
18.288289215634272,1,DEV_00006,EU,0,0.07409329716665713
52.28539053723183,1,DEV_00007,APAC,0,0.07308814349626055
26.43215529351045,0,DEV_00008,APAC,0,0.0507793476912394
76.52899583380443,1,DEV_00009,NA,1,0.6883717283743783
22.16802852684392,5,DEV_00010,EU,0,0.17541553743737753
71.01020589000171,0,DEV_00011,NA,0,0.04998647386116059
17.123743114952024,6,DEV_00012,EU,0,0.07937899650750466
111.16206603073032,3,DEV_00013,NA,0,0.02725539173553447
140.21704598499082,4,DEV_00014,EU,1,0.8985965171720317
11.69768742230251,0,DEV_00015,EU,0,0.10717144685186622
63.074045264975666,7,DEV_00016,NA,1,0.8086817357367065
7.350844491903557,4,DEV_00017,NA,0,0.08038851943279882
91.17571380136084,0,DEV_00018,APAC,0,0.1839089961062435
30.70746290227721,2,DEV_00019,NA,0,0.0963515284059361
74.99809674612432,8,DEV_00020,NA,1,0.8409133231192046
72.86935519017777,3,DEV_00021,NA,1,0.8029309256930367
258.16952917372305,2,DEV_00022,APAC,0,0.01
79.64724854842378,3,DEV_00023,APAC,0,0.09199806632103279
87.46654114305464,4,DEV_00024,EU,0,0.11627425561623089
51.358463594948354,1,DEV_00025,APAC,0,0.1549792232163835
297.7491712369973,5,DEV_00026,NA,0,0.01
150.14175298390447,1,DEV_00027,APAC,0,0.04374518364884855
33.60397365868161,5,DEV_00028,NA,1,0.8209629454721774
185.92436736015367,2,DEV_00029,NA,0,0.09982595757133991
56.63319210760246,1,DEV_00030,NA,0,0.09274831542357888
176.41470854689584,0,DEV_00031,EU,0,0.09391556571563653
173.09733637552898,2,DEV_00032,EU,0,0.12040480292849723
20.932717203203307,1,DEV_00033,NA,1,0.8048353444610445
120.7783828340169,2,DEV_00034,APAC,0,0.14670707211168474
34.33963098142224,0,DEV_00035,NA,0,0.12167262208497404
35.309944365453404,3,DEV_00036,NA,1,0.834008386793596
35.14714724808077,6,DEV_00037,NA,0,0.18004539959444577
129.30526739355724,2,DEV_00038,EU,0,0.17782080177858836
26.113886990047806,0,DEV_00039,APAC,0,0.14664476775969043
0.0906245762762458,2,DEV_00040,NA,0,0.01
125.60975090906739,1,DEV_00041,EU,0,0.17894725463589878
18.77580001114958,6,DEV_00042,NA,0,0.1397379261235967
11.035339861021287,4,DEV_00043,EU,0,0.20032043188564685
27.11739124867624,1,DEV_00044,APAC,0,0.16187322958667694
47.78753659467757,2,DEV_00045,NA,0,0.1789171338748643
64.60848462734191,5,DEV_00046,APAC,0,0.14393274250901897
4.55938206705611,2,DEV_00047,EU,0,0.16743465993227563
352.5853962270789,3,DEV_00048,NA,0,0.199706187036722
125.90030845537672,2,DEV_00049,APAC,0,0.11082773691891029
39.03707019997509,1,DEV_00050,NA,0,0.021388472796093516
38.374851550299596,5,DEV_00051,NA,0,0.0846269549992429
59.519059533831665,3,DEV_00052,NA,0,0.11949727996917184
98.41543022341386,3,DEV_00053,NA,0,0.10374437921857789
15.826102676154536,2,DEV_00054,APAC,0,0.03767190169202868
20.94006857814403,5,DEV_00055,EU,0,0.018446618740251053
196.20822959594187,2,DEV_00056,APAC,1,0.8129418665682585
29.605694249926774,2,DEV_00057,NA,0,0.14038697779920756
47.83503632757327,2,DEV_00058,NA,0,0.17901698854114848
205.00524699591156,0,DEV_00059,NA,0,0.14582838068888507
108.81111077779796,3,DEV_00060,EU,0,0.1528713643557068
41.81125701544763,5,DEV_00061,APAC,0,0.09595922134182212
115.10627124547482,2,DEV_00062,EU,1,0.7628958771147017
1.9879509940616467,2,DEV_00063,NA,0,0.07723897095586474
133.04535305101163,4,DEV_00064,APAC,1,0.837061779406381
66.75107023630686,5,DEV_00065,EU,0,0.07514737565821589
167.76211864717115,4,DEV_00066,NA,1,0.8527347432687313
309.3072857376495,2,DEV_00067,APAC,0,0.12207098799464754
260.08368212346176,2,DEV_00068,NA,0,0.1426507594121749
239.9812587681156,2,DEV_00069,NA,0,0.0860940067816833
71.7788204145521,2,DEV_00070,NA,0,0.01
44.65091806280038,2,DEV_00071,NA,0,0.07585611403544326
62.55545618000119,3,DEV_00072,NA,0,0.1021855198495992
117.08475645787844,5,DEV_00073,NA,0,0.1611403961066704
215.41459231558542,3,DEV_00074,NA,0,0.07160960789079474
23.191478511325137,3,DEV_00075,EU,0,0.1256271814199701
250.33944014833534,5,DEV_00076,APAC,0,0.11450439498177162
168.83741556355133,4,DEV_00077,EU,1,0.8521950266561694
385.6399819531079,1,DEV_00078,NA,0,0.1465266659662296
212.23638509985597,2,DEV_00079,NA,0,0.06695794016237097
32.84170286654053,1,DEV_00080,NA,0,0.07124067751782419
11.200018885465623,5,DEV_00081,NA,0,0.0994049588452886
11.905505031465067,0,DEV_00082,EU,1,0.817992674745315
34.42147789038218,5,DEV_00083,EU,0,0.12540061455273
95.23939916983089,4,DEV_00084,EU,0,0.06434038478169336
163.12762735265346,3,DEV_00085,EU,0,0.11131521038725672
229.51161251234083,3,DEV_00086,NA,0,0.09499136156066218
97.751045796079,3,DEV_00087,NA,0,0.11074629823883529
0.5647228368367998,1,DEV_00088,EU,1,0.827012930246848
20.61841490643128,1,DEV_00089,NA,0,0.08304558527365866
10.505634398201892,2,DEV_00090,NA,0,0.10480046339985251
45.14951339875198,3,DEV_00091,NA,0,0.11010372530806564
69.58528247838859,3,DEV_00092,NA,0,0.0997899042304422
4.4366998313738595,3,DEV_00093,NA,1,0.9352681178256542
42.844407760973944,4,DEV_00094,APAC,0,0.05046315406293579
19.745104198884817,5,DEV_00095,APAC,0,0.09678981025236433
104.14860130780652,2,DEV_00096,NA,0,0.021318548894150774
62.412939878869224,2,DEV_00097,NA,0,0.11860407393336932
68.38260514422018,3,DEV_00098,EU,0,0.0442376731811593
55.80776006108993,2,DEV_00099,NA,0,0.08608448720617119
312.4013711034237,4,DEV_00100,NA,0,0.0813967837334337
24.17341978858234,5,DEV_00101,NA,1,0.8640445563300585
72.70437526146615,4,DEV_00102,NA,0,0.072360454122741
133.18719672626656,4,DEV_00103,EU,0,0.07023471511530088
81.38343587115958,5,DEV_00104,APAC,0,0.1717928232042949
264.53696102412067,2,DEV_00105,NA,0,0.11422833952372632
47.476431236227114,5,DEV_00106,NA,0,0.07194745739888661
62.301646077789584,1,DEV_00107,NA,0,0.08745831640943846
9.268816702237912,2,DEV_00108,NA,1,0.9322677476135373
93.90454454748762,3,DEV_00109,APAC,1,0.8382417560874451
33.99751203886634,3,DEV_00110,EU,0,0.06553616884238062
17.472135902332713,3,DEV_00111,EU,0,0.06575019249368036
78.64282647617519,2,DEV_00112,EU,0,0.07254367595052114
75.99501588569332,5,DEV_00113,APAC,0,0.07027511387866389
7.890430056425489,3,DEV_00114,APAC,0,0.036017607582537844
119.80419383810921,2,DEV_00115,NA,0,0.0437899951526511
97.75604431323778,3,DEV_00116,NA,0,0.058533981281931505
20.950853550871066,6,DEV_00117,EU,0,0.12957855092265488
63.381254270513324,8,DEV_00118,NA,0,0.08093813563635632
127.41196144818088,3,DEV_00119,APAC,0,0.08964191554529799
75.38227523245193,0,DEV_00120,EU,0,0.16350440126274485
50.333553826107,5,DEV_00121,APAC,1,0.9147503574969209
38.91073163932547,3,DEV_00122,NA,1,0.8358937528431132
94.26189646376042,4,DEV_00123,APAC,0,0.06845682446582955
279.8664943863772,3,DEV_00124,NA,0,0.05677848431632311
111.39640476515768,2,DEV_00125,APAC,0,0.1346387884854119
7.7686880420960485,3,DEV_00126,NA,0,0.08976463832388562
61.74554140234761,1,DEV_00127,EU,0,0.0806752554838605
221.47952246215675,3,DEV_00128,EU,0,0.05931677124312237
9.922650699345185,0,DEV_00129,NA,0,0.061516679549430575
449.86244653421574,1,DEV_00130,NA,0,0.11600290957466224
297.72912325099475,3,DEV_00131,APAC,0,0.0342280867056369
8.150780118979592,1,DEV_00132,NA,1,0.8997434346893969
270.9250728189885,0,DEV_00133,EU,0,0.07330776780925408
45.119379304980775,0,DEV_00134,NA,0,0.09251820278741038
186.24555787465624,4,DEV_00135,APAC,0,0.033151102092972284
54.19437041244958,3,DEV_00136,EU,0,0.09938170308788177
58.13466492545024,4,DEV_00137,NA,0,0.08358395286547202
100.57863492467634,7,DEV_00138,NA,0,0.09749597005717667
148.93349888042925,3,DEV_00139,EU,0,0.17358544491809452
3.4373198347193927,1,DEV_00140,NA,0,0.108884902289512
89.93254484040797,3,DEV_00141,NA,0,0.06026704079270981
20.669580280810944,3,DEV_00142,EU,0,0.06443400447267159
42.45707406923023,2,DEV_00143,NA,0,0.12975655929568844
42.76626601660884,7,DEV_00144,NA,0,0.1649346645496712
63.310689926523764,2,DEV_00145,EU,0,0.11409590103755252
40.66704520576659,4,DEV_00146,NA,0,0.1344356372277385
11.357316785517387,3,DEV_00147,NA,0,0.13048688616683526
15.738944725652685,2,DEV_00148,NA,0,0.17095322066787605
3.4009818461591763,0,DEV_00149,EU,1,0.7525204913636984
63.53483552259777,7,DEV_00150,EU,1,0.8833609469652264
308.8894049597021,5,DEV_00151,EU,0,0.14918680219517821
12.293088975395037,5,DEV_00152,NA,0,0.033063814693221324
292.3681285599671,1,DEV_00153,NA,0,0.0557165907996792
132.18615258122207,4,DEV_00154,NA,1,0.8074608625685923
101.47275024422757,4,DEV_00155,NA,0,0.06356049018113083
103.64202051108234,2,DEV_00156,APAC,0,0.07591414745322371
175.2890635647988,1,DEV_00157,NA,0,0.11213014065274708
11.307896459521567,4,DEV_00158,NA,0,0.1432837325583685
70.27013235083012,5,DEV_00159,NA,0,0.15406584788842684
119.43233050571888,5,DEV_00160,EU,1,0.8081088469416109
88.38730228097174,2,DEV_00161,EU,0,0.05776485006485087
178.84394128594062,6,DEV_00162,EU,0,0.16579109200081116
7.501637895018451,3,DEV_00163,APAC,0,0.13233719677093222
117.34469601088071,4,DEV_00164,NA,0,0.10414324209344981
76.36291538904614,4,DEV_00165,NA,0,0.12366683377774837
47.668327083072434,2,DEV_00166,NA,0,0.09850981090742797
41.59321705286529,10,DEV_00167,EU,0,0.12622923415238074
96.97775691983458,4,DEV_00168,EU,0,0.08319666517471298
221.63649631970236,3,DEV_00169,EU,0,0.11344024672196154
68.55281315707296,0,DEV_00170,EU,0,0.024472697481525182
174.13886354149096,2,DEV_00171,EU,0,0.06561078525872846
51.442606733099105,2,DEV_00172,APAC,1,0.8161494411604828
10.802457533030022,1,DEV_00173,EU,0,0.0812804983396543
6.347853534360795,4,DEV_00174,EU,0,0.053674337261012596
5.26988831581217,4,DEV_00175,NA,0,0.07332281870884591
47.827799471739915,2,DEV_00176,EU,0,0.024279296880093976
41.13389516538731,3,DEV_00177,APAC,0,0.12743502381974503
126.56249124889894,6,DEV_00178,NA,0,0.09587432405443028
135.79848888102285,2,DEV_00179,EU,0,0.014739619611199156
5.219261321536187,2,DEV_00180,EU,0,0.058258504472666346
24.990247783811956,4,DEV_00181,NA,0,0.11683007137810836
32.05660043662664,5,DEV_00182,EU,0,0.07284890268071052
79.32150252387196,2,DEV_00183,NA,0,0.06515292699309516
15.60869811407236,2,DEV_00184,APAC,0,0.09627036614959619
14.380249674164828,4,DEV_00185,APAC,0,0.11717987675891081
287.864084069673,3,DEV_00186,NA,0,0.028182377148041976
163.0676397299238,4,DEV_00187,NA,0,0.12750642406089396
19.924991891031006,3,DEV_00188,EU,0,0.05998533591963117
52.18323223533796,2,DEV_00189,NA,0,0.09910360158751007
43.94697673954752,5,DEV_00190,NA,0,0.09822899296542453
156.54405203432398,0,DEV_00191,EU,0,0.0736466940880113
71.37845057348635,4,DEV_00192,NA,0,0.04881701269346428
13.67935499569162,3,DEV_00193,NA,0,0.08571567259538683
134.32044627587487,1,DEV_00194,APAC,0,0.18126651545375977
50.565232542079244,4,DEV_00195,APAC,0,0.031916248476818454
30.50646073151543,4,DEV_00196,EU,0,0.1846156509552438
47.080174288686564,3,DEV_00197,APAC,0,0.08701394144617339
68.86703437784514,0,DEV_00198,NA,0,0.10176857085443196
42.0247100030987,3,DEV_00199,NA,0,0.04566445943076364
27.694759050072008,5,DEV_00200,NA,0,0.061436529166125964
50.83321164807897,1,DEV_00201,EU,1,0.824854517498099
1.93590946362298,5,DEV_00202,APAC,1,0.7977152514561043
148.05955729274402,2,DEV_00203,EU,1,0.8395541021314564
18.74686526756238,2,DEV_00204,APAC,0,0.07964920540966144
4.489759437109302,2,DEV_00205,EU,0,0.19253905712178668
106.04460531225509,3,DEV_00206,NA,0,0.041701290715976946
148.69377038137216,5,DEV_00207,NA,0,0.10513452583742937
168.1090379616866,5,DEV_00208,NA,0,0.11239231409509125
68.02490850936756,2,DEV_00209,NA,0,0.04648397256740813
22.987639699970206,3,DEV_00210,EU,1,0.8843413747726419
133.64673146980456,0,DEV_00211,NA,0,0.0800836493559186
120.30168519085389,4,DEV_00212,EU,0,0.01
28.27220392503334,2,DEV_00213,EU,0,0.13299248060522825
233.72568294216637,8,DEV_00214,NA,0,0.044152955794881814
11.022952571982085,5,DEV_00215,NA,0,0.04761125269304505
405.63692160236815,4,DEV_00216,NA,0,0.13439510414461991
196.78845032231982,3,DEV_00217,NA,0,0.08264192587907751
116.44272896926333,3,DEV_00218,APAC,0,0.14588860752757501
279.27896055562354,1,DEV_00219,NA,1,0.9105083047682659
128.1254102704289,1,DEV_00220,EU,0,0.06775357698388511
21.128538439715413,3,DEV_00221,APAC,0,0.13966312479775153
58.36761731634938,4,DEV_00222,APAC,0,0.06222695993035591
7.418815541776734,2,DEV_00223,APAC,0,0.21165579585660885
49.373487664825014,2,DEV_00224,NA,0,0.06535214977343926
135.32581934314828,4,DEV_00225,NA,0,0.1513043720480002
48.84826815729373,2,DEV_00226,NA,0,0.14218950129407879
40.091673087853,3,DEV_00227,NA,1,0.8658043911054467
90.47469250168892,2,DEV_00228,APAC,0,0.06647284192916585
205.7324175842667,1,DEV_00229,EU,0,0.09243012540292955
4.875251705151169,4,DEV_00230,NA,0,0.01
48.68982383583859,3,DEV_00231,NA,0,0.11122100191911252
17.226122226697218,2,DEV_00232,NA,0,0.11748076655141927
118.86056552222301,4,DEV_00233,EU,0,0.10667497095306858
11.174145330929973,2,DEV_00234,EU,0,0.01
109.30510567645327,3,DEV_00235,APAC,1,0.7867181777455095
33.712566917884466,0,DEV_00236,APAC,0,0.06259545085756688
22.17904842939247,4,DEV_00237,NA,0,0.11458294665945232
275.43961405675805,4,DEV_00238,NA,0,0.11446694528214924
1.8698305564818125,3,DEV_00239,NA,0,0.09148881040144105
57.58571942360881,0,DEV_00240,NA,0,0.13176227683019784
2.186428336033926,0,DEV_00241,APAC,0,0.048687881234855006
66.08601578700728,3,DEV_00242,EU,0,0.13051175028469983
69.52441332180219,2,DEV_00243,EU,0,0.12373710524199456
38.81102851166278,3,DEV_00244,NA,0,0.11887773664189553
14.174996132975389,2,DEV_00245,NA,0,0.09089797844571722
47.2226157608328,6,DEV_00246,NA,0,0.1915371912415631
111.55436382239546,4,DEV_00247,EU,0,0.12465978442449394
152.5077502441641,3,DEV_00248,EU,0,0.05158320683732206
75.66208872417394,4,DEV_00249,NA,1,0.8624152737867992
89.11942848352959,6,DEV_00250,EU,0,0.13762416885371093
22.391431217988174,3,DEV_00251,APAC,0,0.07059457005378453
33.87372663841957,0,DEV_00252,NA,1,0.9044636123465549
17.661261591504722,0,DEV_00253,EU,1,0.8691016852858006
28.674298020977794,7,DEV_00254,NA,0,0.01
25.47461702673276,5,DEV_00255,EU,0,0.11498359886689632
73.2821472258198,2,DEV_00256,EU,0,0.07969854227936424
82.71101080896445,6,DEV_00257,APAC,0,0.1268589907270868
289.9466565348814,6,DEV_00258,NA,0,0.1472107420125907
21.762213132364494,2,DEV_00259,NA,0,0.10975810235709091
102.63168650669473,4,DEV_00260,NA,0,0.1832626116972348
169.96869011324955,2,DEV_00261,NA,0,0.09106465577182522
82.15294840305341,1,DEV_00262,EU,0,0.13124089115269377
29.43759633006034,5,DEV_00263,APAC,0,0.14024712868186737
30.455730158934667,7,DEV_00264,NA,0,0.09513270155536337
4.004422734186855,0,DEV_00265,NA,0,0.13893871539888913
36.44828126666022,2,DEV_00266,NA,0,0.07026635064189157
136.49387403558129,0,DEV_00267,NA,0,0.07887157904893907
4.868381489218276,4,DEV_00268,NA,0,0.03437556548318438
24.75582832263077,5,DEV_00269,NA,0,0.11207045581850235
122.496663583228,2,DEV_00270,EU,0,0.11626258379271721
152.6253511924586,1,DEV_00271,NA,0,0.15896315792896148
60.755389369853354,3,DEV_00272,EU,0,0.13955700021779419
119.75744458109227,2,DEV_00273,EU,0,0.08576022216762835
49.09448437311557,3,DEV_00274,NA,0,0.041091015633286154
17.42501127445807,3,DEV_00275,EU,0,0.1216425201259987
50.77461926229873,5,DEV_00276,EU,0,0.1555376586207321
86.74239520758297,4,DEV_00277,EU,0,0.13775924869019718
295.7536736731557,2,DEV_00278,NA,0,0.15422387624286438
7.122853166599357,7,DEV_00279,NA,1,0.8394055234400879
70.80458036090714,3,DEV_00280,APAC,0,0.07666905159121773
39.88665935839622,3,DEV_00281,EU,0,0.06315493238841005
70.9910288204189,0,DEV_00282,NA,1,0.8472051766693202
2.426753650895647,6,DEV_00283,NA,0,0.09607046020155903
37.54578938478056,3,DEV_00284,NA,0,0.11033388142695581
171.40661825103095,0,DEV_00285,NA,0,0.09353512714822461
80.7305693913411,6,DEV_00286,EU,0,0.09331861351366144
59.8896639822335,3,DEV_00287,NA,0,0.06116529735139281
33.620737210239206,6,DEV_00288,NA,0,0.14708095067757454
35.38824505678515,1,DEV_00289,EU,0,0.10382590311218556
48.305066663143336,5,DEV_00290,NA,0,0.0912778032857359
180.52746489966404,4,DEV_00291,EU,0,0.06262853733753976
341.7729491269493,4,DEV_00292,EU,0,0.0334043444804457
57.74202685673614,4,DEV_00293,NA,0,0.1653982096274672
49.980793987831035,1,DEV_00294,EU,0,0.12773193540659036
187.43855537770895,1,DEV_00295,EU,0,0.018804107871501635
55.670434142549574,9,DEV_00296,NA,0,0.13815711503548286
80.30026105497949,6,DEV_00297,NA,0,0.14612405851165547
26.258845357435877,4,DEV_00298,EU,0,0.10621880611504649
136.06365004984465,2,DEV_00299,APAC,1,0.9299055447875879
75.9262022416142,3,DEV_00300,EU,0,0.11083598210614415
165.5662758609003,4,DEV_00301,NA,0,0.029158823602540504
151.74638824335983,4,DEV_00302,EU,0,0.11825845005241606
24.207763544751256,2,DEV_00303,NA,0,0.11224486508563647
125.74985908276375,1,DEV_00304,EU,0,0.06983515756109226
160.97099892004843,4,DEV_00305,EU,0,0.12867794184387127
42.48119177020834,1,DEV_00306,EU,0,0.016616736690456907
18.947803891718902,4,DEV_00307,APAC,0,0.1495283413721395
0.263562579184904,5,DEV_00308,EU,0,0.05609391481972737
59.948135759350386,2,DEV_00309,EU,0,0.05075269374414838
43.45326012892836,4,DEV_00310,NA,1,0.8443087613846262
80.94783967236229,2,DEV_00311,APAC,0,0.12164864640218177
20.83055467374538,3,DEV_00312,APAC,0,0.10819620317967149
196.3726760126558,4,DEV_00313,NA,0,0.06286704171138109
29.80761921438378,4,DEV_00314,NA,0,0.07469553544040558
25.673860481997412,3,DEV_00315,NA,0,0.043347882631126905
65.53005966367758,5,DEV_00316,EU,0,0.0887660049185065
69.08518643034796,3,DEV_00317,EU,0,0.1537510607255455
24.21801387948176,2,DEV_00318,NA,0,0.0997868531178062
31.726293964034546,1,DEV_00319,APAC,0,0.14297071273797266
18.597450768858838,4,DEV_00320,NA,0,0.17277006688630958
126.74813789673544,2,DEV_00321,EU,1,0.8205990740481516
147.00631374075996,4,DEV_00322,NA,1,0.8406713373472318
62.05074953794022,5,DEV_00323,NA,0,0.20855964305312477
125.20677895857905,0,DEV_00324,NA,0,0.17221717059899727
133.1561478267037,2,DEV_00325,NA,0,0.016379773709382373
14.88196970907267,2,DEV_00326,EU,0,0.11935741580304533
338.66445349265933,2,DEV_00327,EU,0,0.10002799961698478
172.05479644690672,1,DEV_00328,NA,0,0.14132265554293813
22.876364096890356,2,DEV_00329,NA,0,0.06275106162574723
20.599768015226445,2,DEV_00330,NA,0,0.0580195813979664
13.42872731783572,7,DEV_00331,EU,0,0.06619646423531952
14.893927246285346,2,DEV_00332,EU,0,0.07140357269007837
137.89684573169563,3,DEV_00333,NA,0,0.14076620834045073
63.422613974642715,1,DEV_00334,EU,0,0.040939941342556
152.7554620014236,4,DEV_00335,NA,0,0.06886930500203406
137.14250368917845,2,DEV_00336,APAC,0,0.010549380474927941
92.78895222911896,3,DEV_00337,APAC,0,0.15035589117061865
115.95305120508075,5,DEV_00338,EU,0,0.16355150497155702
1.8526281039439214,3,DEV_00339,APAC,0,0.08364632845681068
37.364330547931715,3,DEV_00340,APAC,0,0.08510253175933885
101.56199702487534,3,DEV_00341,APAC,0,0.12266109511414487
0.9388891510842025,4,DEV_00342,EU,0,0.17372410036891278
3.3532940672024267,6,DEV_00343,NA,1,0.8704305373781959
190.9786416303497,5,DEV_00344,NA,0,0.06512290287624428
115.20917447310961,1,DEV_00345,NA,0,0.019058871400677982
30.838794459446362,4,DEV_00346,EU,0,0.044243686866825616
116.46329960811318,1,DEV_00347,NA,0,0.10366097251562326
157.24151376867232,3,DEV_00348,NA,0,0.06723362383996029
36.64284740744353,4,DEV_00349,NA,0,0.10974838529953794
3.6702758462702865,4,DEV_00350,NA,0,0.07235379918818831
269.9771435165294,5,DEV_00351,EU,0,0.04709267843527942
42.33946433294148,3,DEV_00352,APAC,0,0.04114841842734645
11.258853416532181,1,DEV_00353,EU,0,0.1781177254686615
67.69921218614267,1,DEV_00354,EU,0,0.14444938745918218
146.30363035289562,4,DEV_00355,EU,0,0.18652589759139793
25.057553440994862,5,DEV_00356,NA,0,0.12699754503775515
31.401242725904126,2,DEV_00357,NA,0,0.07850042956925805
27.801559283578914,4,DEV_00358,APAC,0,0.1661670461244969
478.8258376371876,6,DEV_00359,NA,0,0.09834659993191161
21.990347320417655,3,DEV_00360,NA,0,0.11104208851451762
85.68908997267526,3,DEV_00361,EU,0,0.09785878104622406
259.38019609069124,3,DEV_00362,NA,0,0.01
15.887448312947264,2,DEV_00363,NA,0,0.18023675061474267
353.54443857394944,4,DEV_00364,NA,1,0.8745501972978876
294.6508572815588,2,DEV_00365,NA,0,0.11649115304342551
215.91082079040967,1,DEV_00366,NA,0,0.09691119688647197
24.15067797379193,2,DEV_00367,NA,0,0.10817139101930656
100.52723831554526,2,DEV_00368,EU,0,0.07013605320768762
143.08377420891114,4,DEV_00369,APAC,0,0.13082896761536356
427.0694812946098,4,DEV_00370,NA,0,0.034645082780043385
19.896792853683777,3,DEV_00371,APAC,1,0.8593034216235274
145.25448514565028,4,DEV_00372,NA,0,0.12807867352855523
41.37006824365807,4,DEV_00373,NA,0,0.09006654330885486
19.313153330501446,1,DEV_00374,NA,0,0.11854338962355124
54.71040345101342,5,DEV_00375,EU,0,0.05043328038828749
157.9082884296661,4,DEV_00376,NA,0,0.051708661455201796
62.52078307463486,1,DEV_00377,EU,0,0.11183585605131967
77.11586696619891,5,DEV_00378,EU,0,0.1339274827310526
533.0718706198774,4,DEV_00379,EU,0,0.01
50.93422238103143,1,DEV_00380,EU,0,0.12610103175553833
95.55534081518995,2,DEV_00381,APAC,0,0.07283992498118315
45.451492352827565,4,DEV_00382,NA,0,0.09035969563462938
49.88734140640178,2,DEV_00383,NA,0,0.03302410382174814
118.95465431841998,6,DEV_00384,EU,0,0.057419137990664594
277.8799587311786,4,DEV_00385,EU,0,0.14830626627651558
78.16701368479448,6,DEV_00386,NA,0,0.10164316869901066
146.27432264991464,4,DEV_00387,NA,0,0.08086107991452207
9.343914597895948,4,DEV_00388,NA,0,0.09417558236844827
23.718927912683682,2,DEV_00389,NA,0,0.12446059123321507
69.74195760970959,1,DEV_00390,NA,0,0.1220247248081669
2.0214670275580238,3,DEV_00391,APAC,1,0.8462486499801599
29.149597448896948,2,DEV_00392,EU,0,0.15464795554483343
72.85697984532234,4,DEV_00393,NA,0,0.1485231318453333
1.5074245952720322,5,DEV_00394,EU,0,0.1206686014565198
30.726767256747966,0,DEV_00395,APAC,0,0.10273058914550352
72.16100716518336,5,DEV_00396,NA,0,0.13286605475597696
85.1320853740436,3,DEV_00397,NA,0,0.11571337109005918
260.0340303650956,3,DEV_00398,EU,0,0.1530400035902974
103.66115503714428,5,DEV_00399,EU,0,0.14497806883691539
53.56919140928732,0,DEV_00400,NA,0,0.049087304929113576
266.42894795892744,3,DEV_00401,APAC,0,0.045701841462914686
153.65731355994473,1,DEV_00402,NA,0,0.0649375227797962
22.315470276732146,2,DEV_00403,NA,0,0.14880693450334606
14.023076780777217,3,DEV_00404,NA,0,0.02118455016143772
112.64305609561474,1,DEV_00405,NA,0,0.11973786945539967
82.0715054537837,1,DEV_00406,EU,0,0.11812715455464808
155.90947347801284,4,DEV_00407,APAC,0,0.15813240293430963
134.24882159118155,5,DEV_00408,NA,0,0.10901693453319437
98.13935024572149,5,DEV_00409,APAC,0,0.03283953047080497
429.63754350917054,2,DEV_00410,APAC,0,0.05203225196759386
76.26896246994477,2,DEV_00411,NA,0,0.04090022390510877
12.002953320791782,3,DEV_00412,EU,0,0.07310280168334299
176.18525614618136,5,DEV_00413,NA,0,0.09085492162880365
29.015628057614588,6,DEV_00414,EU,1,0.7917279236889472
150.19393506742654,3,DEV_00415,NA,0,0.17353309953261448
314.90488746561715,1,DEV_00416,EU,0,0.03373593140237795
119.3347829691255,2,DEV_00417,NA,0,0.16730517119312405
90.64150596242105,2,DEV_00418,APAC,0,0.15925815157196704
61.69015353974693,2,DEV_00419,APAC,0,0.1449151274844518
45.32013667739117,2,DEV_00420,NA,0,0.06531166962516248
43.541632758676926,2,DEV_00421,NA,0,0.11712254395884508
101.16258526908786,3,DEV_00422,NA,0,0.036131443322469106
139.13998396749682,4,DEV_00423,EU,0,0.14554535175168748
113.48108299780795,3,DEV_00424,NA,0,0.09630076092318657
22.11581500203083,2,DEV_00425,EU,0,0.07953398927066574
68.11932743308145,2,DEV_00426,NA,0,0.03881275766718654
156.8488272539565,5,DEV_00427,NA,0,0.01
64.569901778419,3,DEV_00428,NA,1,0.7980729571482121
76.92149050508944,2,DEV_00429,NA,0,0.15563990978064535
147.46275487891546,1,DEV_00430,EU,0,0.0798583285762598
108.25380923554744,5,DEV_00431,APAC,1,0.8415335571442476
52.65230544243653,2,DEV_00432,NA,0,0.13277771791442264
225.77332566689626,2,DEV_00433,EU,0,0.19028344390581325
17.74141004758921,5,DEV_00434,NA,1,0.9162502327472819
540.7339821222104,2,DEV_00435,EU,0,0.051383249809190595
12.653033273858025,3,DEV_00436,NA,0,0.01
1.5062848342737136,0,DEV_00437,EU,0,0.2179807129550052
220.74467565790837,0,DEV_00438,APAC,0,0.2134495805829727
28.097595330574247,1,DEV_00439,NA,0,0.10942267982146414
130.82214474051648,4,DEV_00440,EU,0,0.03647558772090892
166.6089616078419,6,DEV_00441,NA,0,0.14816132669469698
195.88988757587657,3,DEV_00442,NA,0,0.0946008156993695
477.88375780249817,1,DEV_00443,NA,0,0.09435094384466948
34.8196289586369,0,DEV_00444,NA,0,0.14472294215525647
123.8713818345554,0,DEV_00445,NA,1,0.8667187373436649
12.261955334085615,0,DEV_00446,NA,0,0.040709254449252746
52.22393319510235,1,DEV_00447,NA,0,0.08376290324590131
188.36885472675382,3,DEV_00448,NA,0,0.13305764643306733
45.83249647967353,5,DEV_00449,EU,1,0.8755126111202509
89.42733543792284,7,DEV_00450,APAC,0,0.11310082871792379
70.07226898591509,0,DEV_00451,NA,0,0.14667114772379322
103.83214574581594,4,DEV_00452,NA,0,0.08191415060913677
360.80145388605985,2,DEV_00453,NA,0,0.1089334887609536
5.734898947040337,2,DEV_00454,APAC,0,0.01
85.32256022894656,4,DEV_00455,EU,0,0.07751749030785932
198.79844427416108,0,DEV_00456,NA,1,0.8881951454287822
65.6589070043761,3,DEV_00457,NA,0,0.08048027664414288
8.178200414311995,1,DEV_00458,NA,0,0.07668863041414441
82.22071049255408,3,DEV_00459,NA,0,0.047927352411259075
40.35777265695015,6,DEV_00460,APAC,0,0.15016829463645728
16.83497609067831,3,DEV_00461,APAC,0,0.12742316367702855
189.07040330833377,5,DEV_00462,NA,0,0.14127072989115425
73.73070583510861,2,DEV_00463,EU,0,0.013689301902105516
270.7196751080308,1,DEV_00464,NA,0,0.09197749783671831
163.99821988114672,4,DEV_00465,NA,0,0.08599444961249969
118.0815658656631,7,DEV_00466,APAC,0,0.08597141467007238
0.5038173674963946,2,DEV_00467,EU,0,0.06919862281410222
55.830769298173564,4,DEV_00468,NA,0,0.08269478641099924
22.00063296094742,4,DEV_00469,NA,0,0.1424822391353326
241.68508209357213,0,DEV_00470,APAC,0,0.01
19.186775874595725,5,DEV_00471,EU,0,0.18886473840152268
33.69564261450436,7,DEV_00472,NA,1,0.874192056251323
72.74007274224556,1,DEV_00473,NA,0,0.09788340521698936
30.566088574565843,2,DEV_00474,NA,1,0.8953417073186463
23.555105360692092,3,DEV_00475,APAC,0,0.027408262741578246
91.40415758797485,1,DEV_00476,EU,0,0.06676495474244931
9.31350222062967,2,DEV_00477,NA,0,0.09394622838047231
5.992810807943686,2,DEV_00478,EU,0,0.1682780185216089
46.56057862470344,1,DEV_00479,EU,0,0.0976751709436721
127.53415477765948,7,DEV_00480,NA,0,0.12250273355925732
80.92468400058256,0,DEV_00481,NA,0,0.07052105020319362
54.969894261007965,8,DEV_00482,EU,0,0.12434210344837456
83.41384759965581,3,DEV_00483,EU,0,0.18386197964872286
45.48415324234035,3,DEV_00484,EU,0,0.1497763345837057
275.1161304761535,0,DEV_00485,APAC,0,0.09592720061110603
5.646971201385296,3,DEV_00486,NA,0,0.1337745423632735
111.89930088590883,1,DEV_00487,NA,0,0.1288758477303606
221.90040203645043,3,DEV_00488,APAC,0,0.12532938358486378
162.9052571947123,1,DEV_00489,NA,0,0.15559766804302044
20.33912130538832,1,DEV_00490,EU,0,0.15522388519187333
35.08723103704414,5,DEV_00491,EU,0,0.0936420701562558
126.2477790412558,4,DEV_00492,EU,0,0.13209395307388846
8.803432822307949,9,DEV_00493,NA,0,0.08084525394201031
167.05779474136853,2,DEV_00494,EU,0,0.053846380184221124
126.90695064790259,2,DEV_00495,APAC,0,0.08652531221480068
130.7877525483067,2,DEV_00496,EU,0,0.09618609241302087
10.562874081318993,2,DEV_00497,NA,0,0.016920950541100405
126.49994364951897,4,DEV_00498,NA,0,0.14301662797083603
113.88660859553967,1,DEV_00499,NA,1,0.7116337288698801
177.7398035009344,2,DEV_00500,NA,0,0.23574084697431608
4.24858323649007,2,DEV_00501,NA,0,0.17509395668981595
2.338190711968444,3,DEV_00502,APAC,0,0.08694956379138433
46.68200619836008,1,DEV_00503,EU,0,0.10047131802818866
16.10943962145225,1,DEV_00504,EU,0,0.11514859367936417
81.73156342072623,5,DEV_00505,EU,0,0.0705419806005529
249.31271638989975,4,DEV_00506,NA,0,0.10963095737934682
49.67250562367382,7,DEV_00507,APAC,0,0.09280000111491696
186.40100666705268,1,DEV_00508,NA,0,0.0952863641384517
0.02409035327925504,2,DEV_00509,NA,0,0.10907305317403194
18.454159139921835,5,DEV_00510,NA,1,0.7843236100823002
3.0895941657840478,4,DEV_00511,APAC,0,0.10197848620668241
39.77159810706829,5,DEV_00512,APAC,0,0.10817238733087386
238.8029651138401,4,DEV_00513,NA,0,0.10644248106779572
10.19797077003995,3,DEV_00514,APAC,0,0.08920846222819229
93.24449534006496,4,DEV_00515,NA,0,0.1568928887984686
60.05605956834004,6,DEV_00516,NA,0,0.08231737225592245
278.82013656014277,4,DEV_00517,APAC,0,0.11136629534115952
13.070013873715064,6,DEV_00518,APAC,0,0.1648648766962773
23.829253302578653,2,DEV_00519,EU,1,0.8460311929989843
2.998712162703547,4,DEV_00520,EU,0,0.11072316337337756
56.90468073775594,0,DEV_00521,APAC,0,0.09518076818425515
32.54987258214729,3,DEV_00522,EU,0,0.16186848967817996
203.94975047292272,1,DEV_00523,APAC,0,0.08711377192068524
92.87196853002241,4,DEV_00524,EU,0,0.16416772886441028
95.21530096270826,2,DEV_00525,APAC,1,0.8448206052676468
75.90961826383537,3,DEV_00526,APAC,0,0.057027013827599164
9.634608712320787,4,DEV_00527,NA,0,0.13396865852870607
58.882083017236965,5,DEV_00528,APAC,0,0.0847666083122172
761.1336118382816,2,DEV_00529,NA,0,0.13102504495495815
180.32004130197393,4,DEV_00530,NA,0,0.01
223.92258998071034,5,DEV_00531,EU,1,0.8502602630947473
173.28852306544698,4,DEV_00532,NA,0,0.07701973506212598
10.874589897460993,5,DEV_00533,EU,0,0.046837065673436096
25.80562874242478,1,DEV_00534,APAC,0,0.07233794990801004
0.31265338736638576,3,DEV_00535,NA,0,0.07131484278536743
36.17020226635025,5,DEV_00536,NA,0,0.09760071025747095
11.497032268465576,1,DEV_00537,APAC,0,0.03163367693575221
64.01626731526842,0,DEV_00538,NA,0,0.1158136890129857
113.04977351417959,1,DEV_00539,NA,0,0.1683107392602894
207.54917128388493,2,DEV_00540,NA,0,0.11404642484739133
138.31679139168563,3,DEV_00541,EU,0,0.14044943046145045
279.0110874901199,1,DEV_00542,EU,0,0.15472812273068978
5.540520026965988,2,DEV_00543,APAC,0,0.16182447560920885
1.2254617454226489,2,DEV_00544,NA,1,0.9435069346410653
108.27530552695546,5,DEV_00545,APAC,0,0.0750399000862035
34.15786263771253,1,DEV_00546,EU,0,0.06407580074194419
29.23610231635948,3,DEV_00547,NA,0,0.13917328241623675
40.18024553580402,2,DEV_00548,EU,0,0.13541331098287
31.443141110681417,4,DEV_00549,EU,0,0.13878376498078449
71.62856343991807,5,DEV_00550,EU,0,0.19446412271251262
58.00836147228112,3,DEV_00551,NA,0,0.10056849543992472
71.83184380046364,3,DEV_00552,NA,0,0.12130782798230925
111.69196855699496,3,DEV_00553,NA,0,0.05098058742582626
48.96032677864408,2,DEV_00554,NA,0,0.2067660561987979
28.94271771177698,3,DEV_00555,EU,0,0.08317275393954446
18.176235734560876,6,DEV_00556,NA,0,0.08458920359195851
42.99741963215764,2,DEV_00557,EU,0,0.08266250544958786
135.40458792968136,1,DEV_00558,NA,0,0.06775520706778312
141.34802107011535,3,DEV_00559,NA,0,0.06352814755761754
109.9328705285853,1,DEV_00560,EU,0,0.07381478585552374
26.660989230298803,4,DEV_00561,NA,0,0.031710203597452774
88.69412861449368,5,DEV_00562,APAC,0,0.06073410398683809
84.55752219937166,2,DEV_00563,NA,0,0.19744815557238096
66.21645344260197,3,DEV_00564,NA,0,0.13678275718206845
79.8461000383293,0,DEV_00565,APAC,0,0.14629520883638591
67.68617758056344,1,DEV_00566,EU,0,0.15886043937084576
83.34589160140736,7,DEV_00567,NA,0,0.19170672821811954
125.704295576178,6,DEV_00568,NA,0,0.011428872427807796
11.611614439572929,2,DEV_00569,EU,0,0.03850584423567297
138.4798489090627,2,DEV_00570,APAC,0,0.05981381695526574
14.605074817342079,3,DEV_00571,APAC,0,0.07651351017552012
6.895144207056305,4,DEV_00572,NA,0,0.08497153047073755
373.3027232154121,3,DEV_00573,APAC,0,0.07765112235969797
314.6363759989714,4,DEV_00574,NA,0,0.11096544565660271
6.233992110082188,1,DEV_00575,NA,0,0.1017647695372608
58.564515422876184,4,DEV_00576,APAC,0,0.06385826024108751
20.609586526337292,3,DEV_00577,NA,0,0.01
66.425830584337,4,DEV_00578,NA,0,0.05035656473106509
177.29999917033874,4,DEV_00579,NA,0,0.07253806733437124
300.8043238318593,4,DEV_00580,NA,0,0.08764602815961403
100.58124939312884,3,DEV_00581,EU,0,0.043516627034473156
43.680975987239265,0,DEV_00582,EU,1,0.8254596766751789
92.4639399327829,4,DEV_00583,NA,0,0.04345063057572068
37.396833946404065,3,DEV_00584,EU,0,0.09370903242258335
240.59879797478803,6,DEV_00585,APAC,0,0.04634543358186924
204.33060684178548,1,DEV_00586,APAC,1,0.8075547671814768
81.69698563089183,3,DEV_00587,NA,0,0.034565793450543045
39.27447293337305,3,DEV_00588,APAC,0,0.09232496522151082
34.72759327613162,3,DEV_00589,EU,0,0.056677611502380085
3.3989136240469224,3,DEV_00590,NA,0,0.14533921333377148
169.18463593168963,2,DEV_00591,NA,0,0.12029251333464495
59.85339945794067,3,DEV_00592,NA,1,0.8465074065908178
39.323953846641025,3,DEV_00593,EU,0,0.06012572513281057
63.69754794678171,3,DEV_00594,NA,0,0.11902601526581515
170.781172788188,2,DEV_00595,EU,0,0.13453504446743186
13.309058431766296,2,DEV_00596,NA,0,0.10713442061008152
194.9508533173683,2,DEV_00597,APAC,0,0.18018509277334654
227.79786802978415,5,DEV_00598,NA,0,0.1229818659037408
293.1967458535225,2,DEV_00599,APAC,0,0.14568036087840172
