num_feature_1,num_feature_2,geo_region,target_leak_col,fraud,pred_prob
-0.637739984251316,88.96357647351599,EU,0,0,0.3004255409711939
-0.5309969550018176,76.6691755978784,US,1,0,0.1614952886247463
-0.6231405264247644,72.73141668957412,APAC,0,0,0.187944319078304
-0.5554771191602547,73.22356755883983,US,0,0,0.368900745556336
-0.6373871273065177,42.35420360977797,US,0,0,0.10390057705322081
1.1890165311075518,36.4232659838044,US,1,0,0.12565255925634045
1.4205042479898549,82.84250399306623,EU,1,0,0.1623658765438082
-0.5707462937494763,82.91020552112627,US,0,0,0.10795966116214592
-0.8323555731042287,88.03650867220934,EU,1,0,0.1544306305269392
0.4714155563864041,92.19164973008242,EU,0,0,0.27491246829090765
-0.5522230442809712,56.020815897484404,US,0,0,0.22642736517774942
0.6329318177555108,55.136466521847964,US,0,1,0.9678015133230925
0.2029230208512997,81.84656610700976,US,0,0,0.34523306852153235
-1.515744114997232,68.49675376999886,APAC,1,1,0.8025452055093628
1.5475052013300616,73.17701895319331,US,1,0,0.17782703002938777
1.7958776730955217,81.6213402492491,EU,1,0,0.21390772245018008
-0.6127886904843862,90.10048076358096,US,0,1,0.8770884827544423
-0.38770155993598415,40.41956411663823,APAC,1,0,0.1804190922468629
0.28586539072490497,43.802465737594964,US,0,0,0.28724467235474027
0.334456789987025,18.45837458567821,APAC,1,0,0.22282349565737214
0.6585442726728304,62.045212689655656,APAC,0,0,0.2656141542555941
2.0102045387663496,13.234804641706788,US,0,1,0.830837958740595
-0.1769472274940494,51.90382163192142,EU,0,1,0.7883397278625752
-0.7982972445384537,58.838017123681894,APAC,1,1,0.9845359920886471
-1.3793192280145272,35.7887126915456,US,1,0,0.3290817382479283
-0.7309300399419191,63.174993451210966,US,1,1,0.7420339527299358
-0.033126972873797095,12.745022494514448,EU,1,1,0.9605403927693739
1.7945578635177877,13.361336987429297,APAC,0,0,0.2462293594748541
-0.5176112990361714,84.03405045936924,APAC,1,0,0.36836566806822746
0.2237879516388985,42.41715772701366,US,1,1,0.9399565767841946
-0.016422896072752075,21.435446138669633,US,0,0,0.22756405134077007
1.188393273448084,57.001893404932396,EU,0,1,0.7067407924960352
2.5269324258736217,79.29941977887498,EU,0,0,0.18060320781548383
-0.5308687729203206,29.423892474715885,APAC,1,1,0.86249026439826
-0.48943944251822213,66.06014282371002,APAC,0,0,0.29004346594784425
1.044160877069072,17.68127184943912,US,0,0,0.1773663056299607
0.6818914896263114,14.651354905174692,APAC,0,0,0.14180682222184726
1.8467073257360336,57.82191684113332,EU,1,1,0.9504790710397898
0.5839281853259639,58.657160944909585,EU,0,0,0.39532065421106566
-0.35929209078705954,67.3686911348386,US,1,0,0.2577070546908058
0.5906548306923093,75.34822003503955,EU,1,0,0.15150378575449105
1.1087035805829077,97.82668715162812,EU,0,1,0.7816921979558107
0.820482181197364,56.46703134710758,EU,0,0,0.10551720296424003
0.5072740311072977,39.06608256471213,EU,1,1,0.9742896419681497
1.066674689589154,81.56675752918333,US,0,0,0.13532532486704235
1.1692955904456728,34.374902613586684,US,0,0,0.2729549426542761
1.3821589910375272,49.507427863507246,APAC,1,0,0.18221656620616183
0.6487098875896427,17.061074320803936,EU,1,0,0.266253400754738
-0.16711808031685435,12.281566907391177,APAC,0,1,0.8954261165055593
0.14671368643332283,96.63835732101326,US,1,0,0.34892254111216053
1.2065089665083568,85.23821084609853,US,0,0,0.16192638152818098
-0.8169356709872361,72.63767854843282,US,0,1,0.7032987485975442
0.3686733088729012,46.80576499728429,US,0,0,0.1410656890206422
-0.3933388123273607,25.596488806376122,US,1,0,0.37000559255443155
0.028744822934817487,24.079333840397744,US,0,1,0.9621670232687546
1.2784518626072987,32.52186083481358,US,0,0,0.2792239306510925
0.19109906801990334,59.43039982355084,EU,0,0,0.28015505813009606
0.04643654815614881,74.31363304300561,APAC,1,1,0.8995110023638766
-1.3598561409799192,69.41776390459582,US,1,0,0.15261138358703488
0.7462535660272207,35.19405072513486,EU,1,0,0.374323583777488
0.6454841811410754,95.93787525968747,EU,1,0,0.22563115746762197
2.16325472330546,76.41072250261917,APAC,1,1,0.8149415584748492
-0.30777823495300083,59.891864726026064,US,0,0,0.2556753115848513
0.21915032766393897,65.05486716109169,APAC,1,0,0.11408979003251651
0.24938368371075526,47.764005618501095,US,1,1,0.7498850106268238
1.5774532797634744,32.29578905510417,EU,1,1,0.9214100849279112
-0.0952955323869521,42.03754107861354,EU,0,0,0.12483960037753795
0.27902152577033923,78.20614994179321,EU,1,0,0.28094563283991647
0.6078965097165392,11.295413976678027,EU,1,0,0.17360473290439632
0.1866091231563581,20.446537645622463,APAC,0,1,0.816788684212593
-0.44643361455052827,14.140237781957747,US,1,0,0.18660812103121
0.19408999289830758,13.665592208707313,US,0,0,0.20670181493948475
1.073631749859772,86.99145256099065,APAC,0,1,0.9157137715552737
-1.0265152994110602,73.32920734420213,US,0,1,0.7891365146869525
0.132969674146876,52.67564461785927,EU,0,0,0.2699213920890692
-0.7001208149391732,18.805074458590134,US,0,1,0.8428151206597299
1.1950466289248425,54.24542876051491,EU,1,0,0.2991013496087945
-1.5231869047837747,52.61245937025091,APAC,0,1,0.9810489217974274
-0.5589218472715883,25.58816829190137,US,0,0,0.3197716291630751
0.37721187506452086,49.04664843141757,APAC,1,0,0.16448211357722703
1.5655240292343404,45.86542609576361,US,0,1,0.7093549405183854
-0.0657502610729878,65.42650882469948,EU,1,0,0.17867921328994754
-0.5551995266931984,67.15842857808795,APAC,1,0,0.27852337921007647
1.8811570694405901,14.077360879484006,US,1,1,0.7154277440452751
-1.448013900416244,43.71513531638241,EU,0,1,0.8489098741603709
-2.198805956620082,66.32739241428128,APAC,0,0,0.2790528546750668
0.4400144500533324,55.28226327220789,APAC,0,0,0.20027316724508826
-0.5020542243526112,87.08408570694901,US,1,0,0.3312736611237466
-1.0212328171307132,69.28242684570506,US,0,0,0.13197947594013154
0.7083564472993533,24.664098437328672,US,0,0,0.12254133452074265
0.24380071377119883,16.351187266038686,EU,0,0,0.318456626861081
-0.5640786307367284,67.8177350385684,US,1,1,0.8486473948618596
-1.2803043986708944,12.386017948745963,APAC,1,0,0.3065207189283209
0.8724573282801447,62.7198023146117,APAC,0,0,0.2304482015811239
0.650201177958661,94.62072172824618,US,0,0,0.17392060997173206
-0.09917586377938291,61.792676008829105,US,0,1,0.94573069530226
1.8466369960476658,44.935293358586975,APAC,0,0,0.3398247636906938
-1.0700847663261526,67.89593965981179,EU,1,0,0.30840894125632806
-1.5255251709247388,51.2427601442365,US,1,0,0.18164354116898884
-0.6919080698812444,59.105511038434145,US,1,0,0.27706920006072616
-0.045586016355497805,94.73183278988726,APAC,1,0,0.20829216908200807
0.24333944932269183,44.74923740206968,US,0,1,0.7274746219979902
-0.24123605785632987,96.50715074415228,EU,0,1,0.9751940726386729
0.3520553965142968,91.48155777604573,APAC,0,0,0.14104558927568844
-1.251539424190444,27.62120213103668,US,1,0,0.3850712061462408
1.4437646040732595,16.24251707876489,APAC,0,1,0.8338017318873867
-0.0821511783925688,19.070020123968398,US,1,1,0.7555398786515859
1.1172958315881276,11.639964308639476,US,1,0,0.2625702842135075
0.34272534637770413,18.499866468033556,US,0,0,0.36188375076292256
0.4567532191537839,71.47060960747211,EU,0,0,0.31966746592286843
0.5697672802322039,16.40697836142061,EU,0,0,0.34196834435843493
0.44770856001731496,38.70780672643852,APAC,1,1,0.8976350100132152
0.6427227598675439,86.03877798725091,US,0,1,0.9076829693553558
1.3291525301324314,12.094474216224327,US,1,1,0.9547586954695958
0.19652116970147013,83.30216343300422,EU,0,0,0.1749004026577558
0.7090037575885123,35.36692972960599,US,1,0,0.24682748909294216
-0.08973569428722672,20.634834485949064,EU,1,1,0.7663628325458807
1.4401172154494728,72.70634488277355,US,0,1,0.99
-0.6763923020592697,66.60485621018955,APAC,1,0,0.383217801905984
1.8009404329108156,88.97248121743476,US,1,1,0.7118280434105517
-0.04015795064434341,76.15639394234972,US,0,1,0.9116725517547065
-1.4307751021180481,82.31328373463637,EU,1,0,0.37757449522469977
0.12810441491078928,35.38311153141758,US,0,0,0.15417260353820006
-0.6810516574748808,25.969558940175055,US,1,0,0.2703835691657889
0.8406435489887241,77.55532764767725,EU,0,0,0.37464648927641264
-0.6526239793023909,82.61512653405376,APAC,0,0,0.11018379357573965
-0.4461834332147797,99.1454627800606,APAC,1,1,0.9092260801740519
-1.889540730945531,47.135590922028385,EU,1,0,0.18920470221176525
-0.4523063192490767,43.481627721350485,EU,1,0,0.3773188586129592
-2.4238793266289567,79.87716646677971,EU,1,0,0.39131747354961033
-1.5839028234857233,40.672318622771606,EU,1,0,0.3832799467340302
0.7604146561442974,93.76815930432082,EU,0,1,0.8422642649972392
0.7858001586508322,87.25714766587106,APAC,1,0,0.358612795296794
0.42545756178496474,48.609462463751655,APAC,0,0,0.3533648195605211
-0.966976143129213,77.57839610123476,EU,0,1,0.7957301419729768
-0.047711356141979855,77.90885866762142,US,1,0,0.3486746422452033
-0.0036025390905684044,19.281148195233936,EU,0,0,0.1111022904146478
-1.1583646891925428,91.229761601161,US,0,0,0.27888096354461595
1.5033983017671506,55.472713520307146,EU,0,0,0.16900265118631091
0.8773622905756714,84.38117194969675,EU,0,0,0.13617006573318366
-0.22096417382966393,38.804464092755055,APAC,1,0,0.12308596048876276
0.02688583899453078,90.59709056465805,US,0,0,0.30888663276344197
0.20838280794755248,45.02815108607468,US,1,1,0.8019624891304198
-2.0417348684242906,10.975388633226853,APAC,1,0,0.31743003145862847
-0.24717738252059693,91.48437787773373,APAC,0,0,0.11960690223968272
-0.6819842479977986,18.21580091075202,APAC,1,0,0.1945871013491831
-1.0016200098949155,38.73822738313734,APAC,1,0,0.2618473877126012
-0.2811002928859549,95.50557703457244,US,1,0,0.3372169494516891
1.7976865268495226,95.55464322438004,US,0,0,0.19562575087962097
0.6408428612670098,61.60940993109575,EU,1,1,0.8877674129311027
-0.5711789897827968,66.86534909528194,EU,1,0,0.3657933244708562
0.5725827813561586,50.36009697804878,APAC,1,0,0.2847589564546914
1.3993554365860021,36.388969452825805,APAC,0,0,0.16988784242609015
0.9246336829127688,39.57980908329243,APAC,1,1,0.7073202344669614
0.05963036992017413,70.52666104693346,EU,0,0,0.361029662170279
-0.6469367777055739,77.7137076493912,EU,0,0,0.10638082325511615
0.6982233136135899,81.24211393532637,EU,0,0,0.3624105018052599
0.3934853854217496,81.06563285150985,EU,0,1,0.8586811402081636
0.8951932200277323,18.208549274382133,EU,0,0,0.38172030955386893
0.6351718016819695,54.49782742323233,EU,0,1,0.9396349707320997
1.0495527153193351,15.180288401497986,EU,1,0,0.39938023316000126
-0.535235211560568,59.4575994091362,APAC,0,0,0.20521354463551306
1.3173940656343257,49.73774512360393,APAC,1,0,0.3301564866793381
0.19759960469239965,89.89337644824698,APAC,1,0,0.22057927408277267
2.0752608726252655,41.58235112968708,APAC,0,0,0.2439626860911727
-0.6891878180895679,20.536031478484528,EU,1,0,0.2882516389655111
1.7359638031652493,22.869251384755227,US,1,1,0.9621031342559017
0.1979107834626478,78.5359568545725,EU,1,0,0.3952250407597886
-0.6514180036144483,65.6396256984635,US,1,0,0.33048202415935546
-0.48388583405432156,19.101040851051124,APAC,0,0,0.22533003465020016
-0.32034730819432017,17.569612550349767,EU,1,0,0.2264071006831211
0.4241659464019164,73.08722183132079,APAC,0,0,0.32127469047666746
0.5228354880354996,16.548670572777418,EU,1,0,0.1716331437304907
-0.573700003938579,83.96740533613206,APAC,1,0,0.1331422339394184
-0.02435459226098284,73.56180044408467,US,0,1,0.806386647292233
2.1422703586118637,17.32139025777098,US,1,1,0.7861716974962245
1.7275431701007113,17.635394267667273,US,1,0,0.18889243613679704
0.4363236696740321,98.7975620651058,EU,1,0,0.170082325314973
0.03800347816820029,43.68437161805083,US,0,0,0.11262795689090857
0.1200313267182613,43.357793236020186,EU,1,0,0.10536218042002415
0.6135179727304166,83.15196105317523,US,0,0,0.3963167169208095
-1.0227925651984056,95.25237196454728,US,1,0,0.22833194012075872
-0.2573765374233451,98.74009574405838,EU,0,1,0.8152979941479045
-1.6685840738775894,77.80403667330475,EU,0,0,0.30389418480792096
0.39922312260527926,43.86336269778242,US,1,0,0.16547616635951928
0.647195939702741,17.51506450288019,EU,1,0,0.3849883551850677
-0.483186462299374,79.94322243346932,US,0,0,0.33590350432466565
1.5739867632900328,60.256382476222456,EU,0,0,0.12682330069367787
-1.2257656630023412,48.17998083222786,APAC,1,0,0.22527423273547853
-1.4643748802098202,91.57189465852623,APAC,0,0,0.36373549226864943
0.22445181855997204,20.00777340755362,APAC,1,1,0.9834196066874231
1.0470983026121545,54.336259386177325,APAC,1,0,0.24022045337496095
1.6839276914578687,11.021828029067716,APAC,1,0,0.28402341676321236
-0.45888426286894,52.17945777947136,US,1,0,0.1501101838276226
1.0786808334312956,15.067294811365361,APAC,0,0,0.397350587841093
-0.03850846950070721,20.693612464126474,APAC,1,0,0.16950151041503303
-0.17262729994081963,20.577362209939437,APAC,0,1,0.9828195322405378
0.8836599374866724,68.42892719044572,APAC,1,1,0.8948939946977106
0.6523228784134196,77.1440391338881,EU,0,1,0.8823210384636577
-1.5763921569842494,62.503188858744366,US,1,0,0.2538065533049526
