drifted_feature,important_feature,fragile_feature,account_id,protected_region,is_fraud,pred_prob
0.4967141530112327,13.907127956933724,62.96994546561109,ACC_00000,south,1,0.10537808931292891
-0.13826430117118466,66.98362380346201,49.77131937701118,ACC_00001,north,1,0.9235054773715052
0.6476885381006925,95.62630079859913,40.00697767705089,ACC_00002,north,1,0.1162099136605515
1.5230298564080254,64.1450638131698,44.95225078771782,ACC_00003,north,0,0.8402893277988361
-0.23415337472333597,83.72699734841112,58.40620026504553,ACC_00004,south,1,0.8477751106346112
-0.23413695694918055,89.5785817013567,55.4673356820138,ACC_00005,south,0,0.2606597922548002
1.5792128155073915,30.527179475403923,47.61067900830306,ACC_00006,north,0,0.10126608390010106
0.7674347291529088,29.0840355917404,46.33175588185313,ACC_00007,north,1,0.7827002944197397
-0.4694743859349521,64.98828899658926,46.08241850956178,ACC_00008,south,0,0.033665189332409404
0.5425600435859647,46.99256228260342,40.77589815501497,ACC_00009,north,0,0.8551049249776782
-0.46341769281246226,85.58751725800484,66.15375689469442,ACC_00010,south,0,0.99
-0.46572975357025687,91.002081105821,46.7767953078866,ACC_00011,north,1,0.8325696910753948
0.24196227156603412,41.807924137244626,62.17158520825497,ACC_00012,north,0,0.8822678907715735
-1.913280244657798,31.318350307703387,65.21316051922452,ACC_00013,north,1,0.8192629309920693
-1.7249178325130328,80.24729637194757,59.9831089814796,ACC_00014,north,0,0.7922912224090422
-0.5622875292409727,34.73254319933225,45.683796872819514,ACC_00015,south,0,0.09320738772657843
-1.0128311203344238,84.03528866623105,54.037300903366095,ACC_00016,north,1,0.13217353503200452
0.3142473325952739,48.13644282838865,49.758043936090836,ACC_00017,south,0,0.7713646663268003
-0.9080240755212109,70.07949093623233,40.96298139269872,ACC_00018,north,0,0.8266699755507629
-1.4123037013352915,18.59817824512014,53.24359281721603,ACC_00019,north,0,0.8549501589511002
1.465648768921554,66.14733922089158,38.20960208840198,ACC_00020,north,0,0.17166390789677977
-0.22577630048653566,50.65909108635062,61.87679388461564,ACC_00021,north,1,0.1610840649563828
0.06752820468792384,62.79476168579267,45.35382702701607,ACC_00022,south,0,0.7233504484313495
-1.4247481862134568,25.12127869703771,52.01159655872839,ACC_00023,north,1,0.3510155910371121
-0.5443827245251827,76.31863704497638,52.83287871546142,ACC_00024,north,0,0.9314595702693702
0.11092258970986608,87.65173697889057,47.410950262959226,ACC_00025,north,0,0.11956478286758329
-1.1509935774223028,29.506582008169808,55.86693801475275,ACC_00026,north,1,0.8355067313715592
0.37569801834567196,18.614309996814555,45.25096343377476,ACC_00027,north,0,0.19876785026423968
-0.600638689918805,12.127472744170277,58.71297297457244,ACC_00028,south,0,0.6193894128244994
-0.2916937497932768,67.77743503989393,36.54020319753251,ACC_00029,north,0,0.9056943524975367
-0.6017066122293969,64.63846324799027,51.26379579546412,ACC_00030,north,0,0.15949257789621718
1.8522781845089378,59.2027671442663,69.38928999058285,ACC_00031,north,0,0.7727833274560456
-0.013497224737933921,30.875238650437787,39.99668675394425,ACC_00032,south,0,0.8059348823173345
-1.0577109289559004,45.18153963149632,43.222550294751485,ACC_00033,north,0,0.014273753705665804
0.822544912103189,63.50287016675557,55.13907849658915,ACC_00034,north,0,0.07649707807848244
-1.2208436499710222,54.709017297325246,51.79581781939598,ACC_00035,north,0,0.15194849611726283
0.2088635950047554,98.90069681933986,53.50630099273559,ACC_00036,north,0,0.8435817293955352
-1.9596701238797756,22.27957773010598,54.891871301476634,ACC_00037,north,0,0.7661474752773781
-1.3281860488984305,72.56300986428344,56.3472146856177,ACC_00038,north,1,0.7236105118615507
0.19686123586912352,46.38868912938629,61.09699841956223,ACC_00039,south,1,0.8659146229624402
0.7384665799954104,48.53796534330533,54.098186569285126,ACC_00040,north,0,0.11949274573020063
0.1713682811899705,74.58379890923587,47.58742345381457,ACC_00041,south,1,0.09695617932078893
-0.11564828238824053,72.31925361919326,56.72573701202731,ACC_00042,north,0,0.12722518500093605
-0.3011036955892888,99.21303943319695,68.99881934895215,ACC_00043,north,0,0.17440525497402548
-1.4785219903674274,21.55548605087127,48.67366253617426,ACC_00044,north,0,0.20775572014159305
-0.7198442083947086,19.36986844457497,40.254706953293585,ACC_00045,north,0,0.15172073607667547
-0.4606387709597875,75.1904935415867,61.07080669286972,ACC_00046,south,0,0.8636393181064601
1.0571222262189157,62.05482253057682,48.796188360464015,ACC_00047,north,0,0.18466691385693645
0.3436182895684614,34.67445999038253,28.273304539859637,ACC_00048,north,0,0.2885317949249564
-1.763040155362734,17.147743209008794,58.47421677150422,ACC_00049,north,1,0.101458722312522
0.324083969394795,17.70924246367875,44.64671814046077,ACC_00050,south,0,0.99
-0.38508228041631654,90.47717871977065,49.094667176958396,ACC_00051,north,0,0.99
-0.6769220003059587,27.268059224686862,53.319803305690144,ACC_00052,south,1,0.8595551765081544
0.6116762888408679,39.10344059039687,51.904996797790666,ACC_00053,north,0,0.23428101518387384
1.030999522495951,30.399076200428922,57.0945181713904,ACC_00054,north,0,0.75012776888242
0.9312801191161986,41.94966752487436,45.645136294301565,ACC_00055,north,1,0.18159217116230023
-0.8392175232226385,16.248145847148404,55.131057981760826,ACC_00056,north,1,0.28950542724350825
-0.3092123758512146,56.715381181744334,47.40453322416083,ACC_00057,north,1,0.8935764486685812
0.33126343140356396,16.085130723299343,57.38810480887503,ACC_00058,north,1,0.16212652044728393
0.9755451271223592,82.03208570401254,56.153674840130535,ACC_00059,south,1,0.860684486465948
-0.47917423784528995,31.034087371938973,40.645612979554045,ACC_00060,south,1,0.8111313888155948
-0.18565897666381712,58.601072314405954,60.85982116175032,ACC_00061,south,0,0.18035866051064137
-1.1063349740060282,89.20711788053124,44.64036554885952,ACC_00062,north,0,0.07190694878002354
-1.1962066240806708,68.57896321424747,58.08057798281145,ACC_00063,north,0,0.01
0.812525822394198,57.966200789620174,53.67287313401341,ACC_00064,north,0,0.13321442602722058
1.356240028570823,39.190037780383804,68.38183676795123,ACC_00065,south,1,0.26080885439443285
-0.07201012158033385,39.97017217523781,47.76534017628148,ACC_00066,south,0,0.22585995207407988
1.0035328978920242,70.25382596783712,46.506832038818025,ACC_00067,north,0,0.8162553528341897
0.36163602504763415,99.47254250990508,49.805803941122676,ACC_00068,north,0,0.07923946708748414
-0.6451197546051243,69.56552708644408,46.968202171657246,ACC_00069,north,1,0.08230523545188356
0.36139560550841393,60.20050756330224,57.9994190194205,ACC_00070,north,0,0.7226350441246361
1.5380365664659692,75.75854592153215,33.83689391563412,ACC_00071,north,1,0.8625864186236459
-0.03582603910995154,51.86850510553463,39.46317580853646,ACC_00072,north,0,0.01
1.5646436558140062,15.412810834070669,39.32197078420807,ACC_00073,south,0,0.1873132407429109
-2.6197451040897444,60.60671342901188,59.50307591973576,ACC_00074,north,0,0.22602747215655183
0.8219025043752238,96.18627560548421,67.10613372581925,ACC_00075,north,0,0.15685347721624887
0.08704706823817122,25.777264812189365,48.955507814625285,ACC_00076,south,1,0.22456130263585083
-0.29900735046586746,72.10044017385991,48.311782768099896,ACC_00077,north,1,0.1559035670671083
0.0917607765355023,28.084031979315082,50.700521631131814,ACC_00078,north,0,0.99
-1.9875689146008928,58.22449160257732,61.61878302608191,ACC_00079,north,0,0.9097556648761768
-0.21967188783751193,18.700880468204765,40.72646865809426,ACC_00080,north,0,0.799429852254716
0.3571125715117464,50.53338426323666,52.38368982734785,ACC_00081,north,1,0.8409831166283297
1.477894044741516,78.05469960057215,59.7519762978243,ACC_00082,south,1,0.9398105661536196
-0.5182702182736474,41.28143718150839,55.01094169939845,ACC_00083,north,0,0.8370564611409385
-0.8084936028931876,69.84205520384963,51.89581616598743,ACC_00084,north,0,0.20076119099888864
-0.5017570435845365,81.59049647107562,60.01046092567141,ACC_00085,north,1,0.11665930941931704
0.9154021177020741,93.44600375315073,22.96767707000763,ACC_00086,north,0,0.13521390851760773
0.32875110965968446,31.117787366990818,56.77875319530908,ACC_00087,south,0,0.17948481634674335
-0.5297602037670388,45.938432422837735,43.45924316872576,ACC_00088,south,0,0.7703005007924486
0.5132674331133561,23.71744119973757,31.693671031435432,ACC_00089,north,0,0.9343527987832653
0.09707754934804039,99.32351519425377,55.11202599524981,ACC_00090,south,1,0.7341240191918225
0.9686449905328892,93.43008711318657,63.73658545162958,ACC_00091,north,1,0.04231380287295461
-0.7020530938773524,58.59614172525036,48.62551485372308,ACC_00092,south,0,0.01
-0.3276621465977682,85.78299649387792,59.528745472029385,ACC_00093,north,0,0.8518975425038774
-0.39210815313215763,56.8862179544838,66.12278257988646,ACC_00094,south,0,0.03432597551493592
-1.4635149481321186,66.12271192024838,63.14914453584048,ACC_00095,south,0,0.01
0.29612027706457605,18.021198890441497,66.39964529371393,ACC_00096,north,0,0.9527504834640418
0.26105527217988933,77.97433784471271,57.42127491071892,ACC_00097,north,0,0.21784812488120575
0.00511345664246089,21.494213527171134,50.754336389015926,ACC_00098,south,0,0.8809771785789484
-0.23458713337514692,84.34608672272755,33.980341881028316,ACC_00099,south,0,0.8112050964442672
-1.4153707420504142,80.38252789033473,47.53937511870051,ACC_00100,north,0,0.2607304810723641
-0.42064532276535904,73.78702279686789,41.567534046838084,ACC_00101,south,0,0.18844849861050506
-0.3427145165267695,13.254434247228591,71.70942717497815,ACC_00102,north,0,0.12887597441702411
-0.8022772692216189,37.28155203507957,48.24114187567663,ACC_00103,north,0,0.23640765227600236
-0.16128571166600914,33.680131291975854,51.23204806784486,ACC_00104,north,1,0.8246061608605144
0.4040508568145384,42.41227667243672,55.51485376040468,ACC_00105,north,0,0.8327060335463992
1.8861859012105302,17.88784720874547,50.436024463724536,ACC_00106,south,0,0.23652865238911325
0.17457781283183896,94.32620407279565,66.95051040430752,ACC_00107,north,1,0.017826571472828207
0.25755039072276437,59.842201664113865,43.77350638265548,ACC_00108,south,1,0.8294218209147078
-0.07444591576616721,37.49718795922212,51.94607455237243,ACC_00109,north,0,0.8055603245059995
-1.9187712152990415,45.72833653668551,42.57529414301952,ACC_00110,north,1,0.08037412130343277
-0.026513875449216878,50.24822864543521,36.79977488779294,ACC_00111,north,0,0.0856213417919696
0.06023020994102644,64.05349000245556,43.882309090947146,ACC_00112,north,0,0.2719826948992642
2.463242112485286,56.4111484926848,49.62963202951588,ACC_00113,north,0,0.8025215584192087
-0.19236096478112252,92.74527758929756,45.7069777548274,ACC_00114,north,1,0.8131786559288368
0.30154734233361247,54.726713461524724,43.07579020126144,ACC_00115,north,1,0.040771659827922246
-0.03471176970524331,99.29422133409814,35.93682536328166,ACC_00116,north,0,0.8834919019090456
-1.168678037619532,86.62824619705862,49.16894427371305,ACC_00117,north,0,0.854621635027921
1.1428228145150205,28.765946292160223,34.952796259689975,ACC_00118,north,0,0.0490256979357952
0.7519330326867741,93.75356931795247,57.60055963689602,ACC_00119,south,0,0.06857363221455365
0.7910319470430469,20.472975809692848,50.824397529345035,ACC_00120,south,0,0.8681348316357838
-0.9093874547947389,83.57047376420724,35.4244850053507,ACC_00121,north,1,0.8684523060020849
1.4027943109360992,44.256096412892205,46.907909229501364,ACC_00122,north,1,0.9715700310568941
-1.4018510627922809,89.01768884005625,42.478435944094166,ACC_00123,north,1,0.05638285101434318
0.5868570938002703,88.12510210967054,53.1917451041918,ACC_00124,south,1,0.1523594932476201
2.1904556258099785,82.5332860105859,63.40450446023144,ACC_00125,north,0,0.11307579280974614
-0.9905363251306883,81.10273926763553,31.248275303542556,ACC_00126,north,1,0.1384101091705351
-0.5662977296027719,37.42112251882367,51.150260791474174,ACC_00127,north,0,0.8514188187351246
0.09965136508764122,17.282735474612696,48.398672044333594,ACC_00128,north,0,0.23762263171341738
-0.5034756541161992,46.268216088864534,56.713400764504655,ACC_00129,north,0,0.05386566980231894
-1.5506634310661327,25.61720634878578,52.131966282376894,ACC_00130,south,0,0.9349653500081625
0.06856297480602733,72.54559800122155,42.48030668261181,ACC_00131,north,0,0.09287278219748792
-1.0623037137261049,41.1489753884007,46.80946064333382,ACC_00132,north,0,0.8227443807904931
0.4735924306351816,97.80491807739234,42.03974143196511,ACC_00133,north,1,0.7169547603969574
-0.9194242342338032,67.68748696107988,60.76007138598598,ACC_00134,north,0,0.9345547633853047
1.5499344050175394,84.02325072709249,50.21311648671942,ACC_00135,south,0,0.9477321815012877
-0.7832532923362371,21.927220546766357,69.01190685753008,ACC_00136,north,1,0.19450898612602444
-0.3220615162056756,87.58130340453603,49.39339186185379,ACC_00137,south,0,0.7677046174928113
0.8135172173696698,93.0481471462055,42.91593233089537,ACC_00138,north,0,0.8937686874791925
-1.2308643164339552,53.83557269370423,34.862856073871725,ACC_00139,north,0,0.9845505469237353
0.22745993460412942,64.56276439758797,31.96860323744055,ACC_00140,south,0,0.6949277478016436
1.307142754282428,78.83288208126959,34.158640569945106,ACC_00141,north,0,0.11461196062059723
-1.6074832345612275,25.73547645343713,52.67126651011483,ACC_00142,south,0,0.15361616395946923
0.1846338585323042,55.23094688170982,55.08725023229934,ACC_00143,north,0,0.9364259041699404
0.25988279424842353,45.87967249950818,34.188092979678665,ACC_00144,south,0,0.8076881289339539
0.7818228717773104,23.17365929460242,58.950383140761154,ACC_00145,north,0,0.14218507038811512
-1.236950710878082,43.07809800623783,45.1693894831656,ACC_00146,north,0,0.8562103437964451
-1.3204566130842763,16.135507844694423,51.467930119855495,ACC_00147,south,0,0.013425858932309825
0.5219415656168976,12.323071625453828,66.12220628255425,ACC_00148,south,1,0.01
0.29698467323318606,22.16496602393405,58.96839315865532,ACC_00149,south,0,0.8637994774601314
0.25049285034587654,96.68036004302564,47.314693520941674,ACC_00150,south,0,0.17233702922218658
0.3464482094969757,59.45765823055153,41.08807774584713,ACC_00151,south,1,0.19726981957527678
-0.6800247215784908,96.9239945037898,28.48184598670695,ACC_00152,north,0,0.19195443729624503
0.23225369716100355,48.924809049711875,42.8084668075758,ACC_00153,north,0,0.9065423167775111
0.29307247329868125,38.06345197767336,47.88869761172305,ACC_00154,north,0,0.10718990038521951
-0.7143514180263678,55.55276765562197,40.12820472848816,ACC_00155,north,1,0.1627580503571578
1.8657745111447566,49.55605197696191,48.68743032907695,ACC_00156,north,1,0.22281031329413864
0.4738329209117875,19.509821583556953,50.768518829587684,ACC_00157,north,0,0.8956451665021992
-1.1913034972026486,67.67436832211857,47.751440181919214,ACC_00158,north,1,0.99
0.6565536086338297,29.443436425863965,43.4999741917654,ACC_00159,north,0,0.938574318941335
-0.9746816702273214,65.76291594080466,51.68654671966728,ACC_00160,north,0,0.27747256581187696
0.787084603742452,68.51809831583381,54.41940649569409,ACC_00161,north,0,0.6606125497655948
1.158595579007404,23.68223678157833,39.096009225571535,ACC_00162,north,0,0.8677340896912186
-0.8206823183517105,15.521466439960134,64.10932379746271,ACC_00163,south,1,0.11408539992382255
0.9633761292443218,80.26854274615958,49.014118677157384,ACC_00164,south,0,0.8916959520307344
0.4127809269364983,51.382038139238816,50.188496229448475,ACC_00165,north,0,0.01
0.82206015999449,15.234741595492821,57.08214423256557,ACC_00166,north,1,0.8922749490297033
1.8967929826539474,99.53796854527904,52.332161312635016,ACC_00167,north,0,0.7982631023855568
-0.2453881160028705,15.200250489672998,59.53136633913245,ACC_00168,north,0,0.09996911279036529
-0.7537361643574896,72.55317059726978,52.87124165201824,ACC_00169,north,0,0.895080141565259
-0.8895144296255233,98.53110327370723,43.87562625359562,ACC_00170,north,1,0.1463022182293067
-0.8158102849654383,31.526209379433304,53.61503525206102,ACC_00171,north,1,0.9443136729125163
-0.0771017094141042,22.802443181847657,38.56273792679338,ACC_00172,north,0,0.7824397195323208
0.3411519748166439,20.9246445480186,51.085597057765234,ACC_00173,south,1,0.1335435478226298
0.27669079933001905,37.294763281083604,49.66770009355539,ACC_00174,south,0,0.8940475402770237
0.8271832490360238,19.0941229909582,47.918831427274604,ACC_00175,north,1,0.9486434286706587
0.01300189187790702,72.29452075247187,48.71462488561069,ACC_00176,north,0,0.10750060409043777
1.4535340771573169,15.606261831705641,31.18150954502361,ACC_00177,north,0,0.09065352983021832
-0.2646568332379561,55.84799153348107,44.512750922590385,ACC_00178,north,1,0.9060723549545868
2.720169166589619,99.70271684676791,50.928449011411146,ACC_00179,south,0,0.8480454811191128
0.6256673477650062,83.25732425554169,51.598563919974005,ACC_00180,north,0,0.9011906876861098
-0.8571575564162826,65.36974944079098,39.72324859074042,ACC_00181,south,0,0.9255940202108187
-1.0708924980611123,37.56282587079505,62.65707840864701,ACC_00182,north,1,0.06778402686219734
0.4824724152431853,66.15062526624746,41.33825151785499,ACC_00183,south,0,0.9357542774685645
-0.2234627853258509,57.433731752048644,59.69457200526737,ACC_00184,north,0,0.7879462893990016
0.714000494092092,48.347504550133436,54.27194361871685,ACC_00185,south,0,0.7828639942861404
0.47323762457354485,21.76393390661795,43.53772690156197,ACC_00186,north,0,0.9210667320747101
-0.07282891265687277,89.79437937164201,67.75310892609512,ACC_00187,north,0,0.9009061315329884
-0.846793718068405,50.48061839391902,38.0636316824352,ACC_00188,north,1,0.9664305348526449
-1.5148472246858646,27.516026063868857,59.191541736100014,ACC_00189,north,1,0.9656849390682773
-0.4465149520670211,43.09834157895607,60.005823180429786,ACC_00190,south,0,0.12998604572934688
0.8563987943234723,47.27167772760343,43.293797909233554,ACC_00191,south,0,0.20775056831079314
0.21409374413020396,84.47841060101868,63.92465300064329,ACC_00192,south,0,0.9032726814848792
-1.245738778711988,76.02529425052619,47.49953485401047,ACC_00193,north,0,0.21009353337529862
0.173180925851182,79.23744042772059,52.88693629279857,ACC_00194,south,1,0.8516561190897819
0.3853173797288368,10.992813798578249,52.603218387712204,ACC_00195,north,0,0.8092214487786715
-0.883857436201133,47.45385983617854,48.65691258529452,ACC_00196,north,0,0.2021316822715318
0.1537251059455279,53.32097364717912,58.10808273159782,ACC_00197,north,1,0.13550925736323324
0.058208718445999896,11.727304914075102,57.93488720552213,ACC_00198,north,0,0.7488320669253148
-1.142970297830623,33.38318878705308,32.51468026761819,ACC_00199,north,0,0.9432731266245898
0.3577873603482833,78.42608408099215,63.043402428781526,ACC_00200,north,0,0.800236854344058
0.5607845263682344,22.339873515609916,33.37508011964326,ACC_00201,north,1,0.863486847871166
1.083051243175277,58.17791183073325,60.32546204341657,ACC_00202,south,1,0.11193204559388205
1.053802052034903,29.368168481551375,61.26705136827583,ACC_00203,north,0,0.01
-1.377669367957091,11.090869717950394,39.09033569784802,ACC_00204,north,1,0.9695760886123348
-0.9378250399151228,31.708131183958734,45.891857120454155,ACC_00205,north,0,0.05311563343055313
0.5150352672086598,97.82863794190484,38.94295331514064,ACC_00206,north,0,0.9604322887567917
0.5137859509122088,82.13834006946907,47.850789697112646,ACC_00207,north,0,0.21566957149473165
0.5150476863060479,96.361897988893,46.919657158142584,ACC_00208,north,0,0.7879527717971151
3.852731490654721,53.90686395337262,57.796605322693395,ACC_00209,north,0,0.04937720389858041
0.570890510693167,19.876257880975317,63.10308746119608,ACC_00210,north,0,0.16802961731090707
1.135565640180599,59.31635400763236,63.95683810789956,ACC_00211,north,0,0.07245407702535434
0.9540017634932023,50.89396011039648,44.37831973421698,ACC_00212,south,0,0.220109316503269
0.651391251305798,85.99213744656544,47.90778126255472,ACC_00213,north,0,0.8811667628823289
-0.3152692446403456,18.827432270582015,33.1656180777905,ACC_00214,north,1,0.12990945917409244
0.7589692204932674,53.94170233196004,41.94129933503811,ACC_00215,south,0,0.21738489864305727
-0.7728252145375718,23.50437982245858,59.64851633097457,ACC_00216,north,0,0.8781347398795678
-0.23681860674000887,39.22083342010539,66.15582823548232,ACC_00217,north,0,0.81507538029355
-0.48536354782910346,76.36213696490196,37.65651128120078,ACC_00218,south,0,0.822695681804407
0.08187413938632256,52.84163164318899,44.075357408471056,ACC_00219,north,1,0.018963458671978614
2.3146585666735087,43.82994566311924,49.73594243041073,ACC_00220,north,0,0.16486865526358493
-1.867265192591748,45.50286507130318,52.80161158819607,ACC_00221,north,0,0.7337059838477609
0.6862601903745135,51.350209156538796,41.90396480078354,ACC_00222,north,1,0.1229998908247068
-1.6127158711896517,80.65148894533512,54.24061044464089,ACC_00223,north,0,0.23431587193893344
-0.47193186578943347,90.2876220046211,45.26160652929084,ACC_00224,north,0,0.18774069170414798
1.088950596967366,95.98012178535355,49.855477291217206,ACC_00225,north,0,0.6981076817590266
0.06428001909546277,80.82130476297655,55.462842480037,ACC_00226,north,1,0.1560361203472254
-1.0777447779293061,38.38662061732114,50.064222698109376,ACC_00227,north,0,0.11446640683179246
-0.7153037092599682,71.93212354778879,45.63614109473431,ACC_00228,north,0,0.03810260794196406
0.6795977489346758,49.384281164985275,48.90390196074169,ACC_00229,north,0,0.16680170366416822
-0.7303666317171367,32.92035598414461,49.11637040794665,ACC_00230,north,0,0.10066097209674184
0.21645858958197486,85.67844214833303,46.29988970117872,ACC_00231,north,0,0.10115727690884019
0.045571839903813784,13.458371406609249,47.41203937332897,ACC_00232,south,0,0.9519737615102998
-0.6516003476058171,91.15857929218812,65.98647170504717,ACC_00233,north,0,0.1637261550824244
2.1439440893253257,51.53297181622607,55.60919447941239,ACC_00234,north,1,0.9614121208950379
0.6339190223180112,67.34813291274523,47.045196819708394,ACC_00235,north,1,0.16309824024078692
-2.025142586657607,69.34185299852044,56.969544045107355,ACC_00236,north,0,0.7674306705029383
0.18645431476942764,90.56059666358827,46.6618051024399,ACC_00237,south,1,0.7533497316177755
-0.661786464768388,67.30027139504867,61.73124637586641,ACC_00238,north,0,0.9197658275077242
0.852433334796224,65.25402262840555,53.69642192198094,ACC_00239,south,0,0.25188728037008845
-0.7925207384327007,15.998683650462096,48.92697855995771,ACC_00240,north,0,0.2074484265858592
-0.11473644146689901,56.656721975068365,54.477169258102776,ACC_00241,south,1,0.9530270862027989
0.5049872789804571,23.51521007353375,34.291238479315005,ACC_00242,north,1,0.7904598115827266
0.8657551941701215,76.3690391849337,38.73232531090195,ACC_00243,south,0,0.11256278670746768
-1.2002964070557762,56.0999728731407,38.060749936009444,ACC_00244,north,1,0.20800634659340428
-0.3345012358409484,71.2205001287518,51.429430947637066,ACC_00245,north,0,0.893414460179152
-0.4749453111609562,13.750561054214584,67.32514999485092,ACC_00246,north,1,0.14859554994727142
-0.6533292325737119,17.63128144412229,72.31300146192632,ACC_00247,north,1,0.1709897184506392
1.7654542402810969,74.4691049256414,56.380511014407574,ACC_00248,south,0,0.99
0.40498171096095553,16.487590239880603,55.00844474944457,ACC_00249,north,1,0.959458746438357
-1.2608839543350452,16.413105498873275,31.98942265847261,ACC_00250,north,0,0.1965748948040076
0.9178619470547761,11.08976277113987,44.57326200265978,ACC_00251,south,0,0.2183348348471787
2.1221561970126332,96.0851258469532,42.12216248091761,ACC_00252,north,0,0.1031064214372305
1.0324652605511468,76.37575235131062,43.79152401748884,ACC_00253,south,0,0.9205251739930512
-1.5193699659540134,41.79262676518577,48.318561814152105,ACC_00254,south,1,0.04443816481871721
-0.48423407286625136,36.68820231588897,45.27909422302873,ACC_00255,north,1,0.8828642629435787
1.2669111491866227,41.47329067712646,30.207001896242122,ACC_00256,south,0,0.09729160564863727
-0.7076694656187807,79.71881780630636,57.47910256117534,ACC_00257,north,1,0.08768960690783198
0.44381942814622843,69.5233549963373,39.27256974260193,ACC_00258,north,1,0.9291157309815895
0.7746340534293368,26.667601108072112,52.39246864111149,ACC_00259,north,0,0.8590621197432645
-0.926930471578083,25.66984018006759,70.74082669749973,ACC_00260,north,1,0.10313341281625897
-0.05952535606180008,18.85560847420576,40.80615408413577,ACC_00261,south,0,0.11012562439870556
-3.2412673400690726,69.42724477312044,24.697124772536704,ACC_00262,south,1,0.04107837309226625
-1.0243876413342898,78.79353959995623,47.139957781198895,ACC_00263,north,0,0.9140407998143828
-0.2525681513931603,33.85417854925036,61.00959634998571,ACC_00264,north,0,0.17774898704248066
-1.2477831819648495,11.885046492782154,69.58347454220593,ACC_00265,south,0,0.06936276812425794
1.6324113039316352,17.39545007287846,37.70450405547583,ACC_00266,north,0,0.7955862598605699
-1.4301413779606327,97.10740313605274,54.966992232365214,ACC_00267,north,0,0.9461478515726144
-0.44004448669698376,36.59002997296783,45.34689543219947,ACC_00268,north,0,0.6864258065819439
0.13074057728609134,79.23008330543203,48.94051645695864,ACC_00269,south,0,0.7644648479126168
1.4412732890661155,66.21972119688374,76.44343347017035,ACC_00270,north,1,0.7775429654987105
-1.4358621511794394,44.37456756876063,34.970296716048466,ACC_00271,south,0,0.05651084718914906
1.1631637521549596,28.51185359759996,52.537396614945735,ACC_00272,south,0,0.1651426204058429
0.010233061019587049,20.92477763434658,54.676931717654334,ACC_00273,north,0,0.1250050419751311
-0.9815086510479509,65.35116712349799,60.857863249393475,ACC_00274,north,0,0.17977238626827516
0.46210347426327075,79.71704025740092,50.97983153470896,ACC_00275,south,1,0.8364555992111838
0.19905969557347003,67.95138281870176,53.08050539504102,ACC_00276,north,1,0.915237814889721
-0.6002168771587947,57.727191992424245,46.08351432578209,ACC_00277,south,0,0.1612493594538027
0.06980208499001891,13.775610108847264,52.69126941245107,ACC_00278,south,0,0.1926210540920299
-0.3853135968617602,97.16398998349455,46.5680772450259,ACC_00279,north,1,0.13443741710061846
0.11351734525124804,81.88427724891172,56.21571889856051,ACC_00280,south,0,0.7857662960438683
0.6621306745210467,36.35398330308683,46.30389663956366,ACC_00281,south,1,0.8127460350492118
1.586016816145352,98.19732964229655,53.77100393902187,ACC_00282,south,0,0.9686866295694262
-1.237815498826849,64.16934306726898,49.707371863150215,ACC_00283,north,1,0.11166569955714394
2.1330333746562666,62.418039238652185,61.26050250772168,ACC_00284,north,0,0.76851524321876
-1.9520877995225019,77.3265861486579,49.48606276411514,ACC_00285,north,0,0.9033316550280474
-0.15178509503558332,83.05928092811239,32.26967531793119,ACC_00286,north,1,0.24773147451475852
0.5883172064845765,69.08307465983523,62.619215007139914,ACC_00287,north,0,0.03910305185181527
0.28099186773503265,21.528617172958,40.94267699137381,ACC_00288,south,0,0.9544102538993222
-0.6226995198205938,40.44407553950485,43.4623366135118,ACC_00289,north,0,0.9515434454847951
-0.20812225035727522,93.52752762934448,44.04338705956508,ACC_00290,north,0,0.7489705159635358
-0.4930009346588328,30.215405065946673,63.74438093170817,ACC_00291,north,0,0.9211088281306739
-0.5893647569442115,43.4950321453762,28.643257860213044,ACC_00292,south,0,0.2178094114166194
0.8496020970210246,48.88691946497764,81.37748533659993,ACC_00293,north,0,0.8511571522393854
0.35701548596504734,49.5464490725007,60.56056809066052,ACC_00294,north,0,0.9574158515353132
-0.6929095952606542,65.1645624245073,52.2323891412916,ACC_00295,north,1,0.16036798158967355
0.8995998754332507,94.87682539702368,49.451059993837134,ACC_00296,south,0,0.18006652728033695
0.30729952087660933,31.662344064925446,52.85554074857657,ACC_00297,north,0,0.7897220958926352
0.8128621188389601,20.935123867082623,55.211224283793385,ACC_00298,north,1,0.19939671308740964
0.6296288419236122,27.77234408739436,56.45215585950057,ACC_00299,south,0,0.8089929966339229
-0.8289950109220723,89.82324101883425,55.55604466003449,ACC_00300,south,0,0.8424906998611499
-0.5601810401969696,68.12297313896855,50.895806812552486,ACC_00301,south,0,0.2012994380032408
0.7472936051232618,35.73161103152441,48.02661579692674,ACC_00302,north,0,0.7222125314504171
0.6103702654334648,83.43522450717555,48.487267163464885,ACC_00303,north,0,0.7053367942667541
-0.020901593964148132,87.52329967270924,48.05091719647319,ACC_00304,south,0,0.8896169511953392
0.117327383308782,86.18629048212502,61.337700968670646,ACC_00305,north,0,0.9067451333148248
1.277664895788425,92.7033880275599,55.935567222808615,ACC_00306,south,0,0.8498029625426092
-0.5915713888358299,32.701691815602544,20.596113653357197,ACC_00307,north,0,0.8409811938369292
0.5470973811700379,77.95377358716505,56.55900776529761,ACC_00308,north,0,0.8786297046192201
-0.20219265243389406,51.4485547546726,51.94736194718775,ACC_00309,north,0,0.9176617667870574
-0.2176812032272203,85.77986976010554,49.81291243554102,ACC_00310,north,1,0.7832819005172442
1.09877685198719,75.5641609445452,46.11481546911114,ACC_00311,north,0,0.9298334677866629
0.8254163489880298,79.88027018497522,61.24112719986013,ACC_00312,north,0,0.9759882815818679
0.8135096360006385,69.05456539129644,59.475264621228575,ACC_00313,south,0,0.025910210499105912
1.305478807154329,25.968589252273617,42.27122332176391,ACC_00314,north,0,0.0969883393776147
0.02100384163275905,59.05242270072445,54.07052287124535,ACC_00315,north,0,0.912432306388019
0.6819529712949639,98.62027655720574,40.28343265458714,ACC_00316,south,0,0.99
-0.31026675659345604,94.36492598474071,36.203818352110694,ACC_00317,north,1,0.011368415485674466
0.3241663524884421,13.885636221731051,43.73282775410035,ACC_00318,north,0,0.12045752481787729
-0.13014305436768459,24.833333415649342,58.62393472382759,ACC_00319,south,1,0.1747436860796288
0.09699596499271819,21.85558961091057,59.53125045376087,ACC_00320,north,0,0.928197491474636
0.5951570254369136,75.3381918986766,55.130854200972934,ACC_00321,south,0,0.04166531217596671
-0.8182206832334725,83.60067968712505,57.25095786847997,ACC_00322,south,0,0.9761694159346048
2.0923872756854602,29.216022967960473,55.16178287114958,ACC_00323,south,0,0.8611319411972607
-1.006017381499702,55.52674236566461,43.585184047770476,ACC_00324,north,0,0.8194717753379348
-1.2141886127877322,85.663272521008,54.31922544673941,ACC_00325,north,0,0.07205364113364737
1.1581108735000678,75.95213902896255,58.00409525227683,ACC_00326,north,0,0.11721930972079853
0.7916626939629359,58.80134849426634,57.542913298135744,ACC_00327,north,1,0.10009878502450947
0.6241198170521551,63.13129214128956,61.88913371474643,ACC_00328,south,1,0.0800513848461778
0.6283455092642799,55.752449222465195,57.083038472010635,ACC_00329,north,0,0.12227707219330096
-0.012246772846914623,36.77936061869385,53.51448207541583,ACC_00330,north,0,0.04584303097840256
-0.8972543714858315,60.85197935731145,60.701502383164275,ACC_00331,south,0,0.28564351263534526
0.07580455819372633,71.99967718450816,49.7347874075094,ACC_00332,north,0,0.11290525407211224
-0.6771617115121117,88.59906242747269,41.18125348772282,ACC_00333,north,0,0.12622845810332214
0.9751197334177512,67.26622185813233,48.36933036056236,ACC_00334,north,0,0.9180422698430388
-0.14705738150213865,78.50093833388422,42.55097355193551,ACC_00335,south,0,0.1509337496930306
-0.8254971967925115,24.40644714591157,43.24821725025618,ACC_00336,north,0,0.12493909319309549
-0.32138584165299344,51.54017269778109,48.55481329284482,ACC_00337,south,1,0.23544903566808223
0.41293145427562433,10.839845784438397,42.075800790000386,ACC_00338,north,1,0.07843500950679008
-0.5637245528039747,32.20109780694607,46.9203847036096,ACC_00339,south,1,0.9037842139821579
-0.8222203955664315,75.38155436017044,31.063853330462145,ACC_00340,south,0,0.1242407481428548
0.2436872114919123,99.26289562144271,52.13293707372939,ACC_00341,north,0,0.8111374443931303
0.24496657110872277,18.92602896284943,50.012054753622245,ACC_00342,north,0,0.8714280810393664
-0.5069431753711298,46.13448842751594,41.82911368931809,ACC_00343,north,0,0.1408014338799524
-0.4710383056183228,82.00638718292436,56.59245668432405,ACC_00344,south,0,0.8377964594947559
0.2320499373576363,28.363207116600897,59.37570137626558,ACC_00345,north,1,0.9633019071212703
-1.4480843414973241,59.95764543720576,33.924401356310256,ACC_00346,north,0,0.17374240594006968
-1.4074637743765552,75.97641664267073,42.37275221433786,ACC_00347,north,0,0.24481535264647178
-0.718444221252436,65.43869052341611,42.30857650212702,ACC_00348,north,0,0.12272315837198143
-0.21344715171184725,26.922226115387453,40.600968988911355,ACC_00349,north,0,0.934998199400554
0.3109075655980046,41.984611181716545,58.294748419317486,ACC_00350,north,0,0.27080531156220156
1.475356216949552,80.54126060368574,48.06173861227197,ACC_00351,north,0,0.9649354759418128
0.8576596232020194,59.8803862718815,47.35485158689389,ACC_00352,south,0,0.0813387925210917
-0.1599385299634271,10.470665218862147,29.961376355932465,ACC_00353,north,0,0.8064157313539311
-0.01901620790268883,78.48916840252845,56.35418030209226,ACC_00354,north,1,0.7899421131600116
-1.0025293646378088,13.178021944621516,37.60741605146528,ACC_00355,south,0,0.9518756765226979
-0.01851313599238993,77.1160404458109,50.599326302663286,ACC_00356,south,1,0.838750254257557
-0.2886586389201383,28.223250414871366,52.773769379581914,ACC_00357,south,0,0.9429212466803547
0.3227185603380895,96.22661321074422,63.60658595838651,ACC_00358,north,0,0.8644691151875598
-0.827230943552323,43.11466761718761,36.91179600880888,ACC_00359,north,0,0.8352280228809551
0.5193465142411723,39.42384547042712,19.804878441791747,ACC_00360,north,0,0.9516822060010732
1.5327389130025777,23.39992452992002,51.83849544753695,ACC_00361,south,0,0.01
-0.1087601484568576,37.50437939411934,68.00511181510853,ACC_00362,north,1,0.2723803487080434
0.40171172209894146,88.89856856453805,62.38946352939438,ACC_00363,north,1,0.09306617805558326
0.6901439917111125,99.67009038645226,52.096594152746256,ACC_00364,north,0,0.27339058743508937
-0.40122047188583626,43.14785774561635,45.08363814367953,ACC_00365,north,0,0.8270823060689632
0.22409248181041677,50.37495678590883,58.071225966373106,ACC_00366,north,1,0.9137358547057007
0.01259240078179486,74.98638443824633,40.26453800295531,ACC_00367,north,0,0.8141854687872561
0.09767609854883172,89.75762024185671,54.76357769356219,ACC_00368,north,0,0.031517084388421254
-0.7730097838554665,63.37399007681057,55.054701591666266,ACC_00369,north,0,0.17316754804324927
0.024510174258942714,45.23731283600464,60.6020990749888,ACC_00370,south,1,0.9476855925981919
0.49799829124544975,47.13596567637614,77.59660038911078,ACC_00371,south,1,0.8940257046664088
1.4511436077950417,72.60563318471262,53.92415967178767,ACC_00372,south,0,0.17091061230784488
0.9592708260852069,10.289643724385082,44.910363742925014,ACC_00373,south,1,0.9270211377237271
2.1531824575115563,65.76304037138567,49.74425687808006,ACC_00374,north,1,0.7442454344157714
-0.7673475628880495,41.99437093972217,32.30924095110882,ACC_00375,north,0,0.1352641140473118
0.8723206367206782,81.47775981493758,43.05286868910942,ACC_00376,north,0,0.022824250104484467
0.18334200573835174,18.369157584081893,45.90717561886896,ACC_00377,north,0,0.2451851715875425
2.1898029332176723,62.93820402535515,44.759116020654076,ACC_00378,north,1,0.859430111023333
-0.8082982853551515,53.28756008975114,51.52354872033722,ACC_00379,north,0,0.8742539267815548
-0.8397218421807761,67.80929733147048,41.775800676177994,ACC_00380,north,1,0.3615113847702087
-0.5993926454440222,15.836823503467151,61.210306673244716,ACC_00381,north,0,0.8125221859410885
-2.123895724309807,62.198540868531815,50.002070649181974,ACC_00382,north,1,0.99
-0.525755021680761,60.533612916357136,49.90699678861385,ACC_00383,north,0,0.10874144684734494
-0.759132661553698,60.459408497455385,46.72105283487082,ACC_00384,south,0,0.028581162226640297
0.15039378647620763,64.31388999368093,51.551906838589794,ACC_00385,north,1,0.8572359500836829
0.34175597577715944,70.8821143503726,58.25098264667635,ACC_00386,north,1,0.010662930004158883
1.8761708392158862,82.44900997126928,41.328697842890996,ACC_00387,north,1,0.12164941345156263
0.9504238381860503,34.28386481153929,43.41883510924743,ACC_00388,north,0,0.12011073169866582
-0.5769036556624031,84.25444691620558,46.96273971223335,ACC_00389,north,1,0.1901290909810457
-0.898414671348358,54.843011403710825,36.54129076526785,ACC_00390,north,0,0.8636451104913518
0.4919191715065057,16.935245122089803,41.807421402785025,ACC_00391,north,0,0.18987257106239325
-1.3202332070206422,15.269583631958128,45.23779126455341,ACC_00392,north,0,0.19627521065111156
1.8314587658543537,40.08144868264547,58.74389180712728,ACC_00393,south,0,0.99
1.179440120721287,80.64072794003208,52.62561329001925,ACC_00394,south,0,0.1596866892253127
-0.4691756521047048,73.69128412668242,51.93589911367545,ACC_00395,north,1,0.7958175978288365
-1.7131345290908775,80.97534682051658,58.50897962167972,ACC_00396,north,0,0.9785568614749228
1.3538723741654128,56.55421507974484,48.62628211600603,ACC_00397,south,1,0.8373425568843814
-0.11453984525261789,49.61790981599415,53.904648499288896,ACC_00398,north,0,0.11412164624986984
1.2378163119734618,23.270727403565555,48.96778247067504,ACC_00399,north,0,0.7673269461941767
-1.594427658794367,39.53734782483804,52.653623493996285,ACC_00400,north,0,0.8758119442319605
-0.5993750229537729,49.061742955648775,44.17241342388418,ACC_00401,south,1,0.17205534696685654
0.005243699718183166,17.97403867116555,25.61182841723571,ACC_00402,north,1,0.07150641274706
0.046980593764742055,29.855075744009014,48.65720837813696,ACC_00403,north,1,0.8628452859226394
-0.45006547147924364,63.840276465736494,64.2274813609994,ACC_00404,south,1,0.041212342906472715
0.6228499323474987,76.20968028152708,59.26215402241593,ACC_00405,north,0,0.9366043775217507
-1.0676204293825944,99.85127602536546,59.653974845911705,ACC_00406,north,0,0.7861114429912966
-0.1423794850212935,93.98019982092019,62.36130721806218,ACC_00407,south,1,0.1562355240248089
0.12029563171189886,67.83086795816723,50.88657590961437,ACC_00408,north,0,0.898420840112474
0.514438834058749,47.91232479646648,51.973157074055955,ACC_00409,north,0,0.05559138596156406
0.7116148780888898,67.25596282374094,43.8234810456565,ACC_00410,north,0,0.9258226224667202
-1.1246420918378692,80.70864562722087,46.8392714397295,ACC_00411,north,0,0.7829879190464819
-1.5341141707356223,20.65025718310486,56.15771149771142,ACC_00412,north,0,0.9154215225479089
1.277676821898509,46.891440072665944,62.038844371688164,ACC_00413,north,0,0.22846664530357702
0.33231401197959165,85.58220570720555,48.60553724319001,ACC_00414,north,0,0.9289149220506244
-0.7484865365565536,44.54496567397396,45.498107351485885,ACC_00415,south,0,0.1601053318590482
1.551151975522523,61.46850441044679,50.005279588565976,ACC_00416,north,0,0.046074069471282036
0.11567463429285867,62.89924247759784,56.01206748929115,ACC_00417,north,0,0.076906245507891
1.1792971840638264,26.602862782027543,35.56145183866458,ACC_00418,north,1,0.9318034856243036
0.06751848141010895,42.601189748705956,27.03819046862762,ACC_00419,south,0,0.2304175817469985
2.060747924881987,40.1060159867739,44.494631505084165,ACC_00420,north,0,0.7963090557450804
1.7553408424432044,12.35770376788583,37.79287574085841,ACC_00421,north,1,0.7839949202027098
-0.2489641484790735,12.177258750221972,44.91859802352689,ACC_00422,north,0,0.024511659026418817
0.9715709509543554,84.85273393081961,48.52219681182528,ACC_00423,north,0,0.8213672128431586
0.6453759495851475,34.576372897553114,45.467515909769865,ACC_00424,north,1,0.13338279808828055
1.3686315575323487,56.62708896149339,64.52467534470745,ACC_00425,south,0,0.8794473382128559
-0.9649234605801045,36.88530162298957,53.2674476460232,ACC_00426,north,1,0.11647212209554934
0.6860514599984393,94.66113206038065,53.004743596108284,ACC_00427,north,1,0.1616669212667164
1.0584244868495878,33.336708297919635,56.22207144043402,ACC_00428,north,0,0.8946778265313897
-1.7587394864231143,48.66911314650416,38.61166882219231,ACC_00429,south,0,0.09931501973794553
-1.183258512665775,88.54572254361416,60.391117874202685,ACC_00430,north,0,0.15010513595865602
-2.0392321777601006,85.77402101126278,49.2423571346454,ACC_00431,north,0,0.1024695316631673
-0.26940683444455776,26.749127606164958,56.70480617241213,ACC_00432,north,0,0.7805707199131564
0.7175422557959623,82.23789788161393,39.28142766959844,ACC_00433,north,0,0.7443835788470219
1.502357052096028,51.23681980641034,34.46241233983936,ACC_00434,north,0,0.19330157376348187
0.07409478041977519,53.46719848768197,58.17889658025029,ACC_00435,north,0,0.9062382818911645
1.6286155455712918,22.01319751743494,53.76409526097517,ACC_00436,north,0,0.18618908200853293
-1.3801014582148914,17.254136238141218,40.9794844564249,ACC_00437,north,0,0.12970724429183556
-1.7033824393551547,75.51453762763887,41.303369187253054,ACC_00438,north,0,0.9725547796713401
-0.05554769889661878,54.68150371197698,61.254347844147695,ACC_00439,north,1,0.1012705204332146
0.3840654489393073,49.31656323536616,38.10588107132672,ACC_00440,north,0,0.9364215389765764
-0.03269474809409311,75.65574057871571,66.42672953255963,ACC_00441,south,0,0.13690056840083656
-2.0674421000398766,78.89616090919988,40.99379265352131,ACC_00442,south,1,0.811331938825653
-0.08912003951278841,24.30173509024182,56.38391925608383,ACC_00443,south,0,0.18740242458542092
-1.3044695005048532,64.92026345298771,46.71381524251015,ACC_00444,south,0,0.14650227376449593
0.6696725488300385,22.1818674049917,56.03187431082343,ACC_00445,north,0,0.8569685534626535
0.36659824609684827,77.62375774261412,44.558859978858074,ACC_00446,south,0,0.15011302635468943
-0.9398797863273552,69.12596406404256,48.37207093927706,ACC_00447,north,0,0.04579111937505817
-0.5138669173366935,96.09531589751121,50.40919175395721,ACC_00448,north,0,0.99
-1.0592135218889516,16.206221472077907,39.978125442185274,ACC_00449,north,0,0.9382457493837679
-0.06267909727317188,15.134924903612887,57.408243454201255,ACC_00450,north,1,0.8630101059076015
0.9551423205012383,35.39683672238802,44.867864335284146,ACC_00451,south,0,0.8381199214560028
-0.9857260463355437,33.55351153623154,47.714000846599816,ACC_00452,north,0,0.9405725760477335
0.5040465155178444,32.22809191647998,40.056506253914876,ACC_00453,north,1,0.18143958211131617
-0.5302576183724408,91.5629122468933,24.376663412046895,ACC_00454,south,0,0.6973599411463962
-0.7928728322623442,32.45915798645555,48.08972237399831,ACC_00455,north,1,0.99
-0.10703035995455783,34.47547535157679,74.12615421612915,ACC_00456,north,0,0.07680925526664642
-1.035242322419374,78.34584361761674,57.84604287898024,ACC_00457,south,1,0.13984754936089944
-0.553649305347182,50.4765858205486,49.80739620265605,ACC_00458,north,0,0.9874135998626308
-1.1978778925888485,79.9039501259663,47.37109170791732,ACC_00459,north,1,0.8615475256649403
1.9647251329163893,15.882954180794671,50.22465892812046,ACC_00460,north,1,0.044882926437203055
0.03526355197172861,53.88140743060459,55.4711911517521,ACC_00461,north,0,0.1360095876697506
-0.6997255079925856,13.025224016495436,38.19187184691155,ACC_00462,south,0,0.8707765974482243
0.213979910734222,15.638788310981907,61.143216946688725,ACC_00463,north,0,0.13051930226280703
-0.11232804969082982,91.57937080099698,57.15381315441244,ACC_00464,north,0,0.053274361207661686
-0.22096959953322298,22.532083400583566,57.18185725707934,ACC_00465,north,0,0.16861782155777935
0.6141667000434252,57.91786140476954,54.38475738809727,ACC_00466,north,0,0.14176821998798847
0.7575077100473051,46.99860423406359,50.1961665769399,ACC_00467,south,0,0.18451373643668323
-0.5305011476105275,41.26089936329584,56.7286123596682,ACC_00468,north,0,0.030798256365869192
-0.57581824064468,90.98500111185452,55.91814133741378,ACC_00469,north,0,0.9161195825539772
-0.275051697151644,11.964105709794055,46.45959289058976,ACC_00470,north,0,0.18150969443520978
-2.301921164735585,69.74107175580302,44.26398227103099,ACC_00471,north,0,0.8996644016822056
-1.5151910621985523,96.70549907921954,51.01856295261987,ACC_00472,south,0,0.6120263581773383
1.3668742674445247,60.41513651156578,65.49020151495188,ACC_00473,north,0,0.15029223583633736
1.6449677135012837,94.31402158297827,37.60892924346099,ACC_00474,north,0,0.8156741018212808
-0.24903603955637832,14.703209135742139,35.324747342475604,ACC_00475,north,0,0.1705704403517308
0.5765569630557664,47.69139871667453,51.647608412365166,ACC_00476,south,0,0.07053912307213342
0.3112501545435361,33.414201186584606,50.50887701856018,ACC_00477,north,0,0.1478250634474646
3.0788808084552377,75.77388684826568,51.73341664370408,ACC_00478,south,1,0.18677466255343378
1.1195749114345768,98.31673814475221,52.439531979085004,ACC_00479,north,0,0.8303819526506916
-0.12791759148076653,33.0877056199823,47.76797745365195,ACC_00480,south,0,0.8172194663324541
-0.9555404406004258,68.8757141326667,64.89863438602082,ACC_00481,north,1,0.8835977164567057
-1.6064463202575725,27.82878694837661,33.99096021523484,ACC_00482,north,1,0.7402193883857084
0.2034636358672231,60.879722911444894,41.71502975219754,ACC_00483,north,1,0.24247516613333822
-0.7563507452843033,51.75392380195026,48.96745239850953,ACC_00484,north,0,0.8067662161496432
-1.4222537095976742,97.48047966683833,33.568111888458326,ACC_00485,south,0,0.9177522788350513
-0.6465728842425266,64.76745454268199,48.241455955679285,ACC_00486,south,1,0.9137555686251598
-1.081548003614395,41.455573487813695,66.61470165728018,ACC_00487,north,0,0.8907361657604718
1.6871416350725648,20.268620639914005,50.20886488295962,ACC_00488,north,0,0.060445718256016634
0.8816397569494505,23.612214586144113,52.30700905718683,ACC_00489,north,1,0.8799638551678461
-0.007972641316617372,30.27852369561116,37.3983523482742,ACC_00490,south,1,0.8997450005708737
1.4799441388900259,32.58699952062682,43.83638591960523,ACC_00491,north,1,0.7927214880810761
0.0773683076476183,86.5554452057024,46.24803619676063,ACC_00492,north,1,0.10766035206422171
-0.8612842013282637,60.510050945427245,46.82284903243766,ACC_00493,north,1,0.16123701275965818
1.5231240772696573,57.10518202369298,62.81643795003769,ACC_00494,north,0,0.9688540828886164
0.5389100436846587,20.32919846822957,55.57691060725124,ACC_00495,north,1,0.8621242683039575
-1.0372461543264564,87.41257240144915,38.88542043062968,ACC_00496,north,0,0.8618286007876099
-0.1903386780836082,75.05328728876353,52.46504778432005,ACC_00497,north,0,0.19900103148982812
-0.8756182533847572,16.090152571000143,54.98221748496785,ACC_00498,south,1,0.01
-1.382799730964336,73.70515875067917,61.40149038521267,ACC_00499,north,0,0.9226103861053214
0.9261775475316414,58.918439560838145,65.80540686568374,ACC_00500,north,0,0.8580613732904246
1.9094166404701305,17.355281117210044,39.84905808172131,ACC_00501,north,0,0.2361960998386458
-1.3985675738191412,51.247057737579084,41.89142488789662,ACC_00502,south,1,0.23669456086682425
0.5629692366905709,53.622665841704226,37.42422141085384,ACC_00503,north,0,0.13729881748818767
-0.6506425691218269,24.91970861469482,47.659801408930186,ACC_00504,north,1,0.11286957832576809
-0.48712538376469605,95.11283323002542,54.663583744463345,ACC_00505,north,0,0.23334279945625663
-0.5923939242388692,86.49778343325957,59.87334516589102,ACC_00506,north,1,0.13189400670160834
-0.863990769679816,70.21201035961974,49.24048976357477,ACC_00507,north,1,0.6925973435400675
0.04852162794482699,51.606600490054646,46.80152476745156,ACC_00508,south,0,0.19847671811009732
-0.8309501164110378,47.05889874260576,51.51757992248741,ACC_00509,south,0,0.8079472138105293
0.2704568257798388,68.58761204358588,41.64857098369977,ACC_00510,north,0,0.08133850529566587
-0.05023810944913695,59.088868246621495,70.89538721694774,ACC_00511,north,1,0.11523993903969645
-0.23894804686640975,15.604579529369705,33.923389728819416,ACC_00512,south,0,0.13082873315948862
-0.9075636620415979,56.12523838932985,51.847405788957246,ACC_00513,north,1,0.16114146173165095
-0.5767713305683327,82.57632555095556,70.2360621922964,ACC_00514,south,0,0.01
0.755391225825756,51.33158898372623,50.067998445599976,ACC_00515,north,1,0.10914522687595749
0.5009171876243808,14.676091979884157,48.099609649985055,ACC_00516,south,1,0.8988947833249551
-0.977555244798551,80.76503794456298,46.42554577189573,ACC_00517,south,1,0.7040502595742061
0.09933230542922587,28.122740392237695,48.19608318237592,ACC_00518,south,1,0.18056162177082857
0.751387123371789,33.275875139923485,63.728484746765304,ACC_00519,north,0,0.855408370794077
-1.6694052811213718,24.823571808906628,27.88138088670493,ACC_00520,north,0,0.7483641196195943
0.543360192379935,39.71935583843478,65.33433701296326,ACC_00521,south,1,0.803367124746074
-0.6626237589458467,78.10763551197715,35.76042847549855,ACC_00522,north,1,0.2666043975450026
0.5705986685931593,56.744727355354364,47.333476707655855,ACC_00523,north,0,0.1193958743083757
-0.7632591565425169,28.43931467356413,45.707555797013384,ACC_00524,south,0,0.2541844291431373
-1.804882100664519,89.00470703368367,55.8855326977072,ACC_00525,south,0,0.10644521978731597
-1.6275424378831627,89.16236694563763,34.01875648116253,ACC_00526,south,0,0.9127560992890889
0.048084946661381994,88.35205825414062,54.62172666081943,ACC_00527,north,0,0.07568412682180153
0.25972250172148187,31.491659024338535,70.24309623286852,ACC_00528,south,0,0.83159026756076
-0.9043166251044086,50.61154097628893,36.368259954071895,ACC_00529,south,1,0.17318595856286995
0.6385924587773739,98.64906905267875,51.89706167610396,ACC_00530,north,0,0.9656331207827067
-1.6615200622689599,79.48112286789913,43.38017822203391,ACC_00531,north,0,0.7900451481328066
-0.06607979864731657,12.445067910300384,54.25887206193036,ACC_00532,north,0,0.9102085038049464
-1.2110161997624567,15.868413213444285,50.19147777415752,ACC_00533,north,0,0.8376394029362773
-0.6518361078021592,51.75382391310995,43.5851309095569,ACC_00534,south,1,0.1376957844260463
0.047398671316414016,91.82981852754041,54.87872284871074,ACC_00535,north,1,0.03371979767879013
-0.8604133652839524,58.48316181574428,68.04348109786743,ACC_00536,south,0,0.1349881422302543
-0.38455554422982535,54.80312572308612,48.09096208272701,ACC_00537,south,1,0.8792992198725383
1.0062928092144405,19.492632996096752,57.19757942148182,ACC_00538,north,1,0.01
-0.5768918695231487,69.11020942518647,37.06727042128836,ACC_00539,south,1,0.16659744670070964
0.8356921120651418,83.9892844540203,40.43563623181991,ACC_00540,north,0,0.2095018000472617
-1.129706854657618,44.23780067568061,54.72406277880377,ACC_00541,south,1,0.7650930858312116
0.5298041779152828,79.80506658327947,64.84116028535965,ACC_00542,north,0,0.14404290742343293
1.4415686206579004,96.80289885107304,53.5561334878566,ACC_00543,south,0,0.9791842105257083
-2.4716445001272893,28.338981321492017,46.86941969476845,ACC_00544,north,0,0.10252031093117475
-0.7968952554704768,57.09966680752672,49.99291405423354,ACC_00545,north,0,0.79929877936517
0.57707212718054,35.8424162276118,37.495922660302824,ACC_00546,south,0,0.15982297448416657
-0.2030453860429927,81.35689771304554,56.045153263553665,ACC_00547,north,0,0.268103866542207
0.37114587337130883,61.98340292930418,58.82333062323409,ACC_00548,north,0,0.8441212433187951
-0.6039851867158206,67.11241757952735,45.4790966716692,ACC_00549,north,1,0.7894482702765493
0.08658978747289992,81.81227436543047,45.299578522404985,ACC_00550,south,1,0.9533096436535402
-0.15567723539207948,45.63734253962094,52.658782296520485,ACC_00551,north,0,0.18247805295712727
1.1677820616598074,92.3581061566339,45.63280263959405,ACC_00552,north,1,0.6857430944214855
0.2544208433012131,57.9725980521526,49.338673853741774,ACC_00553,north,1,0.8176426429194393
0.3376026620752022,24.21593405518132,70.99721789166516,ACC_00554,north,1,0.0950526320518641
-0.4118769661224674,72.63092063519221,47.52974299254004,ACC_00555,north,0,0.8983488762743538
-0.48760622407249354,81.3935215394429,46.41659847978778,ACC_00556,north,1,0.6500146354900711
-0.4325581878196209,38.5085509360774,43.52458194364841,ACC_00557,north,1,0.34392077669741783
0.39445214237829684,87.14613312988777,57.441919714999365,ACC_00558,north,1,0.18248208759153683
-0.42098448082026296,91.55289292891898,48.18775826781897,ACC_00559,north,0,0.1519101443134153
0.2897748568964129,34.921403864002805,43.506269616785744,ACC_00560,south,0,0.08907957098803766
2.075400798645439,98.51693254436998,63.21304032273012,ACC_00561,north,0,0.8645541136696621
0.8711247034316923,22.664037524388256,64.19603004513637,ACC_00562,north,0,0.08582478098773647
-0.32602353216784113,28.181410156224096,43.99576434261295,ACC_00563,north,0,0.1732440593179385
1.2012139221639448,26.580235531422353,31.33460048639384,ACC_00564,north,0,0.8379181881155544
-0.4080753730215514,90.45907390070833,60.07513689836922,ACC_00565,south,1,0.1614974821843735
-2.038124535177854,68.88632970924657,43.15370174239996,ACC_00566,north,1,0.08503887202404023
-1.008086310917404,23.68938549000456,57.90625599162769,ACC_00567,north,0,0.7519555228525613
-1.8707919210258557,49.62910765315141,30.298961822881644,ACC_00568,north,1,0.13393028394519815
-0.35151348404130867,65.37682225628218,58.92597338299309,ACC_00569,north,0,0.725226593821889
0.0184183791895517,17.511767649044497,37.88828070719219,ACC_00570,north,1,0.15527332193149687
1.6764373122752827,89.41747315666049,57.307641190665244,ACC_00571,north,1,0.13709355135661266
0.32692737376416264,82.32431818973816,50.142730678364344,ACC_00572,north,1,0.15175482387093503
-0.21910052880886424,55.46860962189744,40.460605806033556,ACC_00573,south,1,0.09822947439840062
0.8294055811834892,97.04139537332534,45.929636870732196,ACC_00574,north,0,0.14356861795474316
-2.211135309007885,47.59848813475897,56.86318456956701,ACC_00575,north,1,0.9605663814784856
0.23561455810856594,98.56992871328481,51.05894453115234,ACC_00576,south,0,0.04043659999322219
0.7708651938869668,70.11279989232644,55.844129804724844,ACC_00577,south,1,0.15862944699415188
-1.4785862457798415,67.12041459285473,69.76440584515485,ACC_00578,north,1,0.9294930433884572
1.143754043206929,24.935940576620652,34.357583882889486,ACC_00579,south,1,0.01
0.3384964074944141,89.37349824741796,66.17212574968624,ACC_00580,south,0,0.18673051878550495
-0.4152879139008013,48.474071912855365,51.04355937523213,ACC_00581,north,1,0.18910930769126244
0.6327818661062848,24.60100652042314,41.01215951676872,ACC_00582,north,0,0.8004351567685577
2.270692857804396,11.134676797818313,36.696863742610105,ACC_00583,north,0,0.10685018706358529
0.18186625505849516,60.37801152745443,48.10879609222967,ACC_00584,south,1,0.21950257716243515
0.24822058630033608,57.46596599104087,59.2165011192446,ACC_00585,north,0,0.969913150816916
-0.4593608995402441,74.74182601322427,48.724508796224654,ACC_00586,north,1,0.7918090587140717
-0.8498443694647918,90.1232247716022,65.11154930247348,ACC_00587,south,0,0.8980292488553608
0.8303358165442456,17.146592617872656,35.48824309948441,ACC_00588,north,0,0.8260222227089024
-0.8560838259088672,75.83468413063261,49.87911052153945,ACC_00589,north,1,0.899997335380788
0.07156623721939247,26.8670749687824,37.47606555586881,ACC_00590,north,0,0.8760811984566923
-0.4776574467651167,87.23593478414476,53.63631882624968,ACC_00591,north,0,0.10618284322458321
0.47897982574639186,83.71571624754905,58.868873900973,ACC_00592,south,1,0.8781996700585643
0.3336621052869483,58.671437948698994,45.792382063189464,ACC_00593,north,0,0.9108774200569391
1.0375399442578992,73.92185187609803,23.95786143372866,ACC_00594,south,0,0.7789576390701729
-0.510016398854747,38.29151018653735,51.98948146796494,ACC_00595,north,0,0.7250221000051439
-0.26987493529337125,52.405110903953315,54.367385517335094,ACC_00596,north,1,0.8595916339547789
-0.9787637157823074,83.94732079394245,54.042947549616976,ACC_00597,south,1,0.8074068965031294
-0.4442932600761116,51.33386774558925,62.35782191822154,ACC_00598,north,1,0.01
0.3773004930448522,42.20184387928976,39.28946320350951,ACC_00599,north,0,0.7703962062024102
