age,income,credit_score,loan_amount,gender,fraud
56,74309.0464990233,608.0703584296368,27645.996958420255,Male,0
64,29003.191914692336,559.4579312861308,34944.17506687855,Female,0
42,35436.54021021399,876.8941801576798,39495.38687684985,Male,0
21,63374.54530038087,592.0009428501555,29085.014601863102,Male,0
60,59286.55390204529,677.0679072631469,17178.599539096256,Female,0
44,29357.845700763086,699.6575230622411,31186.53733268846,Female,0
32,101735.779060365,727.1799361831752,36598.28511273895,Female,0
43,137297.25114798464,679.9375498649773,10798.666606142155,Female,0
59,19297.579371530366,671.1548084746465,41565.34990246654,Male,0
60,29073.211396394632,619.5241682335111,24417.361969270176,Female,0
31,63655.611959968905,540.2184625108713,22931.708479713277,Female,0
40,18400.995119899602,705.5663425048351,30091.777542863056,Female,0
37,32801.04951704397,735.4518848834186,36149.67678970013,Female,0
43,63819.27900628702,729.3201770893139,19345.621230616456,Female,1
25,55197.84984512086,713.9526550470025,9747.848117639282,Male,0
55,18054.527222020686,606.3593935798881,28184.961534210775,Male,1
43,41384.634898494376,547.2773532990708,25163.09395634058,Male,0
58,82322.87635256574,631.5928336213592,8037.307375393251,Male,1
64,121533.0385622894,635.438462026431,32567.020224806838,Female,1
60,214932.14312767878,736.0564112604766,33015.75726085313,Female,0
56,31677.430285835264,652.9562321841536,14522.96345197173,Male,0
50,18406.443422401793,642.7539727523136,15816.397798676588,Male,0
25,32161.838524062936,679.4079896894738,36172.461043857606,Male,0
46,69237.90532365948,532.536414495504,30900.664204091772,Female,1
22,37895.791715565574,668.385884707582,38735.52276364594,Female,0
44,70999.75491588243,671.9269868122808,25921.739312809575,Female,1
33,141494.60458269878,724.4765887951212,33625.98604276346,Male,0
20,66339.85863056712,652.9313130347138,14717.634054398011,Male,0
54,23674.423409919833,627.0341439897717,30995.252472545897,Male,1
52,64152.80206626808,494.5709764999136,6891.12334830027,Female,0
51,38774.58438917213,601.8615240763163,24138.972654185618,Female,0
43,24784.129847512126,737.8906819617685,42346.95969597118,Female,1
29,101434.9860508654,611.8881820918239,15390.295427131188,Male,0
53,120143.85809321792,611.53234451764,4949.65542849214,Female,0
38,29516.639566051137,606.772299660002,13885.009842337835,Female,0
31,54811.9387317295,688.5830688203484,37455.04463032381,Male,0
28,37424.79050739501,526.4691589896659,26471.864772518154,Female,0
25,53099.03043188437,752.1272060337024,32836.075578591524,Male,0
20,31739.1182046319,709.5217181907256,6201.7498529673685,Female,0
42,23184.422365176142,598.938630374063,9125.356639177782,Female,0
39,59906.991866217504,645.7116884189427,13597.104464781514,Male,0
43,23043.03334648657,653.20568515007,20670.18271903889,Male,0
39,47251.58956873722,671.9233393279932,34540.660489148795,Female,0
34,40519.68284989413,635.6734273469266,44183.055771758285,Female,0
28,122171.16332080572,656.7401166870864,33314.013160866976,Male,1
49,38871.69126489469,598.0340522809533,6129.175693091354,Female,0
38,32712.999470481765,646.7158257806922,41172.114977796686,Female,0
41,61599.99946092022,571.060633395896,21824.0538909359,Male,0
52,18794.69448084869,536.3311503665253,20622.55645928477,Male,0
36,110451.00134845845,679.3037286702132,29549.454696924284,Female,0
30,20689.28327766712,547.9070728948975,27792.42228158654,Male,0
30,129193.90169985728,724.143491753817,31031.949472755718,Female,0
22,54025.438125580105,727.9853564805945,26344.547504327977,Male,0
54,51620.06572830599,644.1910783273029,6357.435666646329,Male,0
48,72699.01908309129,602.7301906222779,26463.455505454087,Male,0
31,76220.67671904052,597.7613655561097,40519.37292190496,Male,0
34,43705.63578635513,556.284858718699,12938.959026061966,Female,0
55,43345.00894384792,770.8868831867053,27551.988754098646,Male,1
20,73468.75875418451,687.7497873849752,27984.378167884,Female,1
44,49824.87335353852,719.0131058063245,15877.400247272062,Male,0
47,65541.39081711255,702.4531819262934,7894.646701401545,Female,0
62,39040.098029366476,788.0316994521334,43967.228421674976,Female,0
48,57768.24007230082,575.6160509977777,8047.7880455900595,Female,0
61,105027.42838053557,501.9684797580786,12942.067826438426,Female,0
25,43346.51347226277,717.5601910659302,7646.2978787696,Female,0
27,41514.8089723218,757.7009100578513,7148.675439851559,Male,0
54,32788.86065967794,700.3824088753112,26420.6197471429,Male,1
22,58670.156066551746,486.0574223842666,42647.909822657006,Female,0
35,123421.48152656444,574.6695886335208,4818.6954058644005,Male,1
32,19281.242453351566,665.524614577492,39846.133895000086,Male,0
30,45405.3423074162,652.0846115818263,20405.4939452724,Male,0
34,82946.01099344614,708.4380187321686,7677.10063326298,Male,0
60,49086.850715244946,741.8849589245355,4293.358326171983,Female,0
45,160051.2893214409,619.4287264221792,26961.70995177718,Male,0
63,36810.93890620678,669.4255393591986,8456.790348401826,Male,0
36,86627.88222695928,528.6031351407382,4996.775663495296,Male,0
31,70093.5159950149,615.8417452090409,16279.02904065054,Male,0
43,50350.45649844987,535.92183341281,43107.47078355489,Male,0
40,22389.289415065556,417.41790725859164,15201.998697579178,Male,1
33,63632.44828906205,737.3622080652821,17391.70057564882,Female,0
48,33991.27677116847,557.2279797092376,21503.40115949609,Male,0
35,97063.05282659797,657.6210991023927,22063.985499072467,Female,0
26,23022.624550765744,653.1664889378653,44898.89990505406,Male,0
48,46000.206463675124,505.8421311177807,28098.37455874898,Male,0
47,46462.93837259807,630.8924588411064,24016.16065403132,Female,0
53,68220.28099916539,579.6704019665345,26785.54889335059,Male,0
27,20089.17017188535,645.4917131956189,5061.853873732764,Female,0
52,66795.62002491672,513.1306085787423,43013.6948150837,Male,1
22,20136.3033445309,674.2227959197012,21925.309097165242,Female,0
43,32578.044713317773,695.576739932115,29037.2451422826,Male,0
27,55103.83437906679,573.1557506768247,14865.406114221632,Female,1
47,148366.8442032392,631.6330355324886,18192.91263727857,Male,1
59,86205.92494477287,549.8728919803367,42980.702514780045,Female,0
33,63053.019284730944,644.9588195119452,17337.11661144332,Female,0
39,90770.61931360375,718.7718165205177,40379.98863866429,Female,0
55,21247.08023479285,581.3932747382504,13620.099010626802,Male,1
62,31387.825043514167,606.9751086326426,13742.559865815,Female,0
64,100098.49070207265,515.8102955130903,33760.829827928785,Male,0
47,72018.56937583577,719.0614312260277,12745.289643934955,Female,0
43,40818.40055766491,577.0889639828432,43847.91178271764,Male,1
64,65405.14359392401,676.8290247560298,40018.84605815579,Male,0
37,21092.013567613143,560.7923887734446,18557.22608420727,Female,0
37,34366.0784642218,721.2041311135492,32396.6751527914,Male,0
55,76570.12384974005,694.5574002707639,14573.252885662478,Male,0
29,40086.701454556955,598.3065328332235,9104.140514586135,Male,0
45,53072.91851913358,637.1764527068617,6484.402567377402,Female,0
53,59236.51084677362,554.2042770893146,38351.64927989686,Female,0
62,76223.53035806773,594.5191924939373,25285.38348222054,Female,0
51,20764.785016591362,736.8877259416575,28346.007768252555,Female,1
37,58760.386912705304,681.7538621315258,38465.092986794945,Male,0
20,130499.10824732199,596.1641930229257,40097.11238563618,Female,0
29,18004.059109784546,600.5707476386065,13066.733195954052,Male,0
41,18879.225203339687,591.4754495935946,34689.20459794442,Female,0
38,265043.7819473223,711.3138601962614,14452.599570996395,Male,0
22,41015.761588589565,546.1907164153913,35762.85015693915,Female,1
44,55120.856774778964,640.2590779476535,40938.82539003081,Female,1
63,39248.7249051422,631.8252271049887,37379.16556717961,Female,0
29,112216.01904400779,674.3003336240888,38757.88486430653,Female,0
21,47748.42281189682,747.6287290630211,40963.0201299457,Female,0
48,37315.30998649726,503.27615133998563,18858.085512269718,Male,0
24,90060.55774013764,750.1414492504675,22542.767607129987,Female,0
49,41031.74384711386,582.0273968552257,26380.235812266546,Male,0
52,428309.6154312667,545.6722842769384,44914.669364595,Female,0
63,43830.61906355448,635.3207381255766,30246.770085832177,Female,0
32,65332.310213985664,571.359459307958,34673.31588514635,Male,1
32,35698.26613425786,743.6655048615047,36710.15054445213,Male,0
60,48156.46779501451,858.3119278812092,27903.4814391551,Male,0
62,51532.382435360916,779.7692284109951,33232.663658261845,Female,0
32,42528.378601078206,624.7437273176398,13948.011325310425,Male,0
59,42239.080850153936,492.49018615598925,37442.23614687728,Male,0
37,62374.723398051436,534.9240734130325,19540.537804708983,Female,1
24,132454.39246502507,602.5855739359865,21882.955299263496,Male,1
36,45351.65484647619,653.3039872898589,34158.757688716534,Male,0
55,31896.1833250539,706.6895919260121,10482.720910764514,Female,0
43,19541.071963284816,689.501732361301,6139.411721670738,Female,0
56,165415.43847984946,542.5715403767938,27764.239379763556,Female,0
32,29569.858829929377,703.5482291377441,5279.894016002485,Male,0
46,41547.160564972044,742.7069875439183,38640.03500669457,Female,0
34,39488.417893408485,573.1716452132326,37091.27906009768,Female,0
44,37507.04837889009,566.0487425081374,44375.5291315956,Male,1
21,100107.30942895789,550.6927274231841,21557.708131953103,Male,1
20,27439.95527157747,734.4709816681151,12713.38100092767,Male,0
54,37855.27112220756,793.6141119906641,43239.680368028654,Female,1
53,111650.62968021444,571.7949280960338,24427.729571008487,Male,0
21,25912.668086161386,581.8561434223215,28460.3697871576,Male,0
44,82338.48482412173,674.1077363732503,37380.09868788742,Female,0
62,42942.12799081592,546.9560775676837,10456.344551977225,Male,1
56,21833.30471379885,703.5256894478948,8339.70119048167,Female,1
58,45810.80802615124,559.509079558286,28447.36121858566,Female,0
33,154019.60572409877,625.2994025007289,42404.77305770538,Female,0
29,31910.64485972764,734.94547331378,15687.081599501222,Male,1
42,54705.76377424982,621.9632696873505,28436.609371597402,Female,1
29,121416.90369168422,635.3133358432641,42556.00941080008,Male,0
34,28801.866199495555,620.9848925588991,15231.110652534,Female,0
22,109446.66135568394,616.0587595421506,42112.39580909791,Male,0
20,132257.8487153598,627.5971951214343,25260.044273117423,Male,0
42,64958.72631931559,656.0362555103583,4171.79561953316,Male,0
58,49927.08477334181,644.9978016014965,19253.13251359152,Female,1
28,34156.37079435128,675.1412798788241,22007.250796612796,Male,0
56,37711.00417996688,668.3336092630035,17401.993858165137,Male,0
43,46146.26432445443,647.0085631081782,16942.817499461697,Male,0
43,49151.6822846001,667.4732707702269,21215.632697844525,Male,0
23,83150.01551974154,644.7780729135527,36701.89534476075,Female,0
62,43288.304222407634,655.2405303243304,43468.93100628798,Male,1
50,86762.5615360654,656.8777538200195,27046.843580534733,Male,0
51,38824.885613900056,532.8487814666505,28207.17924915265,Female,0
23,127034.16700401474,801.9412781871118,27357.097895404717,Male,0
49,35154.71447356872,445.35917067051,16630.17596038372,Male,0
30,46730.0654517058,678.1290530757029,40290.76803598831,Female,1
35,92552.76151703224,704.8107411843572,28229.648773598812,Female,0
32,105911.1112523274,630.0799631527472,17056.842646227793,Male,0
37,20196.479629651112,720.3529048473387,40901.63771847451,Male,1
39,88952.05035807328,550.0882379740311,6928.8179768301925,Female,1
61,195281.9803814156,655.8179148756454,9844.830013781513,Male,1
26,69203.09909908142,831.7202103507444,27125.699220861177,Male,1
33,50483.92255615836,741.941450123996,42970.6462096895,Female,1
39,19819.36062962237,567.1909465908078,36917.17535551165,Male,0
30,50349.56025509932,538.7983957337113,19881.481626996196,Male,0
21,118746.03122521224,770.0072329827037,23297.24973147782,Female,1
46,25892.58891198546,681.1199291843158,34312.98714504836,Male,0
44,153354.78854238923,524.2189284658474,19362.605567230094,Male,0
63,41804.238122595765,469.58650605226546,8277.863723066463,Male,0
26,55904.06877961092,621.8343344660619,39701.06000109414,Male,0
60,35303.62883109438,589.296757486002,27585.712064936833,Male,0
52,20027.203360656327,739.8263102423025,37655.11290180621,Male,0
64,84151.89499603145,631.3659803742216,14019.834170818027,Male,0
59,22393.80797515994,635.7268395993616,42368.62427749029,Female,0
26,65977.98454731751,595.3438768895263,32925.187830865354,Male,0
47,21267.082681169188,655.2077666932475,6810.875833221155,Female,0
42,119089.11654155674,627.5839094199088,11560.503009495875,Male,0
23,72721.54590941207,650.9041501610504,28320.905730626422,Female,0
57,43209.39449623188,644.6512095145863,32685.6119873191,Male,0
46,77521.58379369511,606.0562431978339,22093.522017298113,Female,0
36,41883.271045752306,734.0659764811676,15991.413103597,Female,1
56,60974.75542081105,635.0745648166246,15557.967612559816,Male,1
46,23464.493984147364,611.515848688886,7218.625869573236,Female,0
41,18903.883992949763,668.9910455160987,35676.20716811882,Male,1
53,29833.973818575825,486.29418074336127,32705.39570841559,Male,0
26,144640.16635181013,486.9475364031706,42963.16457277393,Female,0
21,22736.088517948952,480.3680130406519,31607.85154759613,Female,0
60,98017.21195046509,725.9497627997573,25508.918452032256,Male,0
43,76481.7485601187,588.2857882592066,17924.481929372778,Female,1
44,28917.54652926765,548.9843597185348,17036.605332471943,Female,0
40,48619.50497456399,763.9177045991407,27951.053819578476,Female,0
42,66807.47975721136,684.9051536025617,13743.093318278388,Male,1
26,228585.01210998595,605.7223773254555,23894.29003352924,Male,0
48,38597.500885497735,608.5931430372276,30919.601233468322,Female,0
24,111004.91729669702,593.622659526876,8604.571995439432,Female,1
28,29008.18618369986,829.4947180076724,24579.806416125764,Male,0
52,33696.63000568609,690.5463939112274,32511.666208288425,Female,0
63,134811.4251270797,584.0139230722297,42051.75294660946,Male,1
49,26768.37092124798,795.3657341316684,12551.039287284088,Male,0
26,44616.57846746303,710.0078639335162,42601.88016905866,Female,1
63,72887.50127524784,565.1331476727353,28680.35045143952,Male,0
55,132234.77223679505,506.6638428407957,25273.93417866738,Male,0
21,46965.16679361924,592.3094312200778,44031.323780124745,Male,1
21,26885.43857664032,697.3475113641217,7845.474515713232,Female,0
36,71866.21094030817,661.8248784073471,29512.89366571971,Male,0
21,66591.63486784135,494.88297907001055,14704.426718776982,Female,0
56,61207.39694234086,638.6542704883306,13264.523624903246,Female,0
31,83210.56531678203,528.8543261886379,29982.987010232828,Female,0
26,52355.864978918646,688.8585444345462,12334.839442759754,Male,0
23,126386.40943730297,544.465498106766,38578.4407414531,Male,0
56,86504.53946004616,689.6784315177456,10933.900404759075,Female,0
43,33808.805360829865,635.0031012605174,8131.062120940798,Female,1
31,50714.67567574502,640.5686155367802,42814.98902890843,Female,0
36,29813.449058003443,648.7895556570035,15784.248729942383,Female,0
38,153103.64075301326,654.6505650468686,10075.354535413497,Male,0
52,77356.5703386878,716.1806833919438,5835.943574485001,Female,0
56,46277.14779274631,602.3996930710732,15645.00794789174,Female,1
62,20300.533913956915,654.3919596046754,22584.779748715424,Female,0
42,63894.72827423396,812.3381637526213,38104.794102632964,Female,0
33,65544.26035240534,560.046674369686,25630.921245378016,Male,1
56,37334.688090754484,518.045823338445,9864.0380456253,Male,0
35,116157.7117684581,520.8063543809103,44210.987558708424,Male,0
58,76802.37918977017,653.9733116483346,25842.946543123566,Female,0
64,100950.61809151109,758.3128961666108,41765.8454028819,Female,0
62,38336.53924607326,663.767107484672,6032.118121086101,Female,0
59,65412.22620247439,509.9311539083884,13746.460722212654,Male,0
30,70893.71928981884,610.559779438182,39449.90710812376,Male,0
58,26432.849025961616,602.7505612945839,10827.018429177322,Male,0
35,28473.857311232416,613.2657862639767,19793.88221814668,Male,0
59,43286.22203279721,654.9929320855158,27119.651323501825,Female,0
47,98873.64855010822,687.7803094280342,42870.27991682282,Female,0
38,183379.44130430653,736.4666132800667,11254.973757868287,Male,0
33,73302.96183145756,668.9156578241783,20211.664693688086,Male,0
39,118446.88456242514,635.8162701426394,33640.3322938177,Female,1
33,57900.40625317459,622.6512518924412,15255.298064698709,Female,0
29,40091.26557483514,571.5894461552597,43571.901937609546,Male,1
63,119270.57761210536,590.3828156067251,30370.14227887025,Male,0
